region,category,footprint
AT,EUR_HE0111,594.0997925821708
AT,EUR_HE0112,215.44221775136504
AT,EUR_HE0113,76.81447951837251
AT,EUR_HE0114,196.52326577206415
AT,EUR_HE0115,140.24161568298848
AT,EUR_HE0116,671.6729993995592
AT,EUR_HE0117,671.6729993995592
AT,EUR_HE0118,212.67197263786747
AT,EUR_HE0119,602.2168337244893
AT,EUR_HE012,388.4219924153803
AT,EUR_HE021,388.4219924153803
AT,EUR_HE0220,43.737025673852536
AT,EUR_HE031,338.38702362350176
AT,EUR_HE032,201.02309262580908
AT,EUR_HE041,998.9285404244071
AT,EUR_HE042,998.9285404244071
AT,EUR_HE043,849.0879651407154
AT,EUR_HE044,400.1644728005655
AT,EUR_HE0451,1028.073761285691
AT,EUR_HE0452,1838.76552037498
AT,EUR_HE0453,79.05675279963131
AT,EUR_HE0454,462.60416732200673
AT,EUR_HE0455,5159.340745148762
AT,EUR_HE0511,468.65469228211884
AT,EUR_HE0512,438.6700643102401
AT,EUR_HE0513,442.63672443044004
AT,EUR_HE0520,404.48575928285345
AT,EUR_HE053,398.6166843861455
AT,EUR_HE0540,261.84134515757
AT,EUR_HE055,439.3110084893393
AT,EUR_HE0561,933.3985195073831
AT,EUR_HE0562,320.59845677515426
AT,EUR_HE061,1303.1892131555235
AT,EUR_HE062,730.3554035508462
AT,EUR_HE0630,730.3554035508462
AT,EUR_HE071,170.82359096048145
AT,EUR_HE0721,379.7293123950906
AT,EUR_HE0722,1678.3776546338283
AT,EUR_HE0723,162.64038567574838
AT,EUR_HE0724,440.66276985887873
AT,EUR_HE0731,1088.130557803282
AT,EUR_HE0732,622.3982931137797
AT,EUR_HE0733,3097.5573849111506
AT,EUR_HE0734,1146.6456059548132
AT,EUR_HE0735,547.4356750972845
AT,EUR_HE0736,659.658513015104
AT,EUR_HE08,203.35286417216247
AT,EUR_HE091,287.894856983394
AT,EUR_HE092,419.6585206098094
AT,EUR_HE093,282.1329593352723
AT,EUR_HE094,117.72159359638978
AT,EUR_HE095,794.8456469542231
AT,EUR_HE0960,945.0327784747744
AT,EUR_HE10,337.0659771230389
AT,EUR_HE111,792.6603770402425
AT,EUR_HE1120,792.6603770402425
AT,EUR_HE121,689.4105924602618
AT,EUR_HE1231,377.71510651948216
AT,EUR_HE1232,722.9865847925419
AT,EUR_HE1240,16.681107651516346
AT,EUR_HE125,127.93791607740297
AT,EUR_HE1262,126.28719999299737
AT,EUR_HE1270,228.50044715806658
BE,EUR_HE0111,1171.9613149810175
BE,EUR_HE0112,398.7691074114385
BE,EUR_HE0113,167.00526311143696
BE,EUR_HE0114,528.6304074504077
BE,EUR_HE0115,396.3143034315122
BE,EUR_HE0116,1168.3415269054692
BE,EUR_HE0117,1168.3415269054692
BE,EUR_HE0118,498.91295751066696
BE,EUR_HE0119,1087.349731439609
BE,EUR_HE012,668.7973200055218
BE,EUR_HE021,668.7973200055218
BE,EUR_HE0220,282.9750056992986
BE,EUR_HE031,672.3403279897371
BE,EUR_HE032,366.8053561860667
BE,EUR_HE041,735.3452763439453
BE,EUR_HE042,735.3452763439453
BE,EUR_HE043,708.7122896762771
BE,EUR_HE044,361.762335259036
BE,EUR_HE0451,2481.277937316682
BE,EUR_HE0452,4096.76834733479
BE,EUR_HE0453,191.11640549263697
BE,EUR_HE0454,625.86486261026
BE,EUR_HE0455,2725.452169444906
BE,EUR_HE0511,1035.2598904000329
BE,EUR_HE0512,939.7215551720067
BE,EUR_HE0513,778.5189354468815
BE,EUR_HE0520,889.5144459862443
BE,EUR_HE053,587.6511527059798
BE,EUR_HE0540,456.6671362196289
BE,EUR_HE055,863.889138780402
BE,EUR_HE0561,4096.683478434258
BE,EUR_HE0562,862.4789314286201
BE,EUR_HE061,6268.030507989366
BE,EUR_HE062,1067.8173891131435
BE,EUR_HE0630,1067.8173891131435
BE,EUR_HE071,255.436396828931
BE,EUR_HE0721,348.164025255869
BE,EUR_HE0722,1731.862703886594
BE,EUR_HE0723,279.3979797788154
BE,EUR_HE0724,946.497894632419
BE,EUR_HE0731,507.48672696952156
BE,EUR_HE0732,535.9577002833362
BE,EUR_HE0733,2567.3238901697573
BE,EUR_HE0734,2271.595113809347
BE,EUR_HE0735,384.0910396716227
BE,EUR_HE0736,526.4763253170528
BE,EUR_HE08,452.7140574049507
BE,EUR_HE091,317.5935721265479
BE,EUR_HE092,527.4563500596139
BE,EUR_HE093,613.8390680207693
BE,EUR_HE094,232.76225876584147
BE,EUR_HE095,418.6393966921958
BE,EUR_HE0960,1130.4404514802054
BE,EUR_HE10,437.8429584391947
BE,EUR_HE111,733.5332462511517
BE,EUR_HE1120,733.5332462511517
BE,EUR_HE121,1010.5209099252141
BE,EUR_HE1231,753.9468719132074
BE,EUR_HE1232,505.3200227151549
BE,EUR_HE1240,30.09053608268253
BE,EUR_HE125,251.3847116183763
BE,EUR_HE1262,210.35660664598856
BE,EUR_HE1270,416.26738651507213
BG,EUR_HE0111,209.00290270847555
BG,EUR_HE0112,68.82266746583308
BG,EUR_HE0113,20.889503271100008
BG,EUR_HE0114,73.97438198006975
BG,EUR_HE0115,55.39287812689451
BG,EUR_HE0116,274.3126278215934
BG,EUR_HE0117,274.3126278215934
BG,EUR_HE0118,75.4234742638339
BG,EUR_HE0119,212.6559633865225
BG,EUR_HE012,135.2865294689697
BG,EUR_HE021,135.2865294689697
BG,EUR_HE0220,142.56823693521014
BG,EUR_HE031,103.03664619382167
BG,EUR_HE032,58.90440169780305
BG,EUR_HE041,174.96184282965035
BG,EUR_HE042,174.96184282965035
BG,EUR_HE043,271.9712514112321
BG,EUR_HE044,367.4659951933766
BG,EUR_HE0451,870.9537873196595
BG,EUR_HE0452,1987.698661126782
BG,EUR_HE0453,39.83079800828652
BG,EUR_HE0454,65.76183602882097
BG,EUR_HE0455,6969.834863500465
BG,EUR_HE0511,95.64988505233677
BG,EUR_HE0512,108.6685734295086
BG,EUR_HE0513,98.3713335060535
BG,EUR_HE0520,133.2890252562794
BG,EUR_HE053,119.82699223884072
BG,EUR_HE0540,78.49962805606314
BG,EUR_HE055,115.09586929535884
BG,EUR_HE0561,328.2345302030853
BG,EUR_HE0562,157.84956200487477
BG,EUR_HE061,471.61192266069594
BG,EUR_HE062,35.329153992098696
BG,EUR_HE0630,35.329153992098696
BG,EUR_HE071,26.651465732543112
BG,EUR_HE0721,57.89596841367311
BG,EUR_HE0722,278.5089917277451
BG,EUR_HE0723,42.724134902508595
BG,EUR_HE0724,208.5842295108311
BG,EUR_HE0731,158.50862194514295
BG,EUR_HE0732,165.67477316995877
BG,EUR_HE0733,368.26397404396033
BG,EUR_HE0734,212.8841201615594
BG,EUR_HE0735,170.3415800342825
BG,EUR_HE0736,189.69833549901387
BG,EUR_HE08,44.66233140810648
BG,EUR_HE091,58.55438486001937
BG,EUR_HE092,56.01752769656495
BG,EUR_HE093,61.69619656942942
BG,EUR_HE094,31.1232061451603
BG,EUR_HE095,57.555784317038395
BG,EUR_HE0960,107.64389452105802
BG,EUR_HE10,47.970069696089205
BG,EUR_HE111,60.530764386425034
BG,EUR_HE1120,60.530764386425034
BG,EUR_HE121,43.00683587048054
BG,EUR_HE1231,73.75351819658773
BG,EUR_HE1232,71.4970724468785
BG,EUR_HE1240,0.9956909539430226
BG,EUR_HE125,63.77025329674602
BG,EUR_HE1262,212.38385294933147
BG,EUR_HE1270,55.02641768920556
CY,EUR_HE0111,45.820370679292566
CY,EUR_HE0112,15.611761439700482
CY,EUR_HE0113,11.923217662501553
CY,EUR_HE0114,17.088095848407395
CY,EUR_HE0115,14.031570936547316
CY,EUR_HE0116,70.96861083763922
CY,EUR_HE0117,70.96861083763922
CY,EUR_HE0118,16.77530664266001
CY,EUR_HE0119,41.829255495076225
CY,EUR_HE012,30.25066731756699
CY,EUR_HE021,30.25066731756699
CY,EUR_HE0220,22.950206743806998
CY,EUR_HE031,29.298822216886535
CY,EUR_HE032,14.817915345053605
CY,EUR_HE041,18.365368559993343
CY,EUR_HE042,18.365368559993343
CY,EUR_HE043,42.248089333327
CY,EUR_HE044,23.74549775137116
CY,EUR_HE0451,70.4710645028009
CY,EUR_HE0452,37.769938130133504
CY,EUR_HE0453,33.27568502856664
CY,EUR_HE0454,63.672775917930345
CY,EUR_HE0455,208.38202854470217
CY,EUR_HE0511,63.23288426185029
CY,EUR_HE0512,49.31916343910679
CY,EUR_HE0513,49.222125154690545
CY,EUR_HE0520,36.741671953092556
CY,EUR_HE053,48.61731216362821
CY,EUR_HE0540,34.58282587960907
CY,EUR_HE055,55.504189109526706
CY,EUR_HE0561,229.87519925557368
CY,EUR_HE0562,14.558929991339621
CY,EUR_HE061,354.94392064126447
CY,EUR_HE062,40.50224792230252
CY,EUR_HE0630,40.50224792230252
CY,EUR_HE071,12.6373048501186
CY,EUR_HE0721,36.872585789121416
CY,EUR_HE0722,186.62024258318453
CY,EUR_HE0723,13.744791897213757
CY,EUR_HE0724,53.185870661677164
CY,EUR_HE0731,29.548500184658103
CY,EUR_HE0732,26.910905198201664
CY,EUR_HE0733,473.5450268036784
CY,EUR_HE0734,2053.608602351838
CY,EUR_HE0735,13.424404076838545
CY,EUR_HE0736,21.195451438653976
CY,EUR_HE08,11.721584826943548
CY,EUR_HE091,15.988182282149868
CY,EUR_HE092,24.291032762415817
CY,EUR_HE093,37.67253076278424
CY,EUR_HE094,14.717122151221089
CY,EUR_HE095,7.386566131963266
CY,EUR_HE0960,86.5741101055801
CY,EUR_HE10,4.089787193101244
CY,EUR_HE111,61.57444983616538
CY,EUR_HE1120,61.57444983616538
CY,EUR_HE121,38.96549618558061
CY,EUR_HE1231,43.38083842241975
CY,EUR_HE1232,12.790375387434576
CY,EUR_HE1240,1.5528646981817271
CY,EUR_HE125,8.852008654947822
CY,EUR_HE1262,14.57589747600095
CY,EUR_HE1270,10.841680680489794
CZ,EUR_HE0111,501.3493392643557
CZ,EUR_HE0112,141.01747534194374
CZ,EUR_HE0113,67.6469829236277
CZ,EUR_HE0114,292.26722213457185
CZ,EUR_HE0115,206.21914277078417
CZ,EUR_HE0116,501.9472862245667
CZ,EUR_HE0117,501.9472862245667
CZ,EUR_HE0118,258.68895183520317
CZ,EUR_HE0119,480.36076051186564
CZ,EUR_HE012,327.16487848939903
CZ,EUR_HE021,327.16487848939903
CZ,EUR_HE0220,61.7248625191508
CZ,EUR_HE031,177.7789697847843
CZ,EUR_HE032,91.67802083901914
CZ,EUR_HE041,2184.4218458535793
CZ,EUR_HE042,2184.4218458535793
CZ,EUR_HE043,1632.1515145079327
CZ,EUR_HE044,409.05435207313667
CZ,EUR_HE0451,904.529318050628
CZ,EUR_HE0452,8466.729395187864
CZ,EUR_HE0453,52.65272504390162
CZ,EUR_HE0454,225.62048993200776
CZ,EUR_HE0455,30846.942845955153
CZ,EUR_HE0511,273.01433631920395
CZ,EUR_HE0512,253.4592741518257
CZ,EUR_HE0513,290.8756587162383
CZ,EUR_HE0520,229.65769886524103
CZ,EUR_HE053,421.01119338536466
CZ,EUR_HE0540,276.46816552651256
CZ,EUR_HE055,397.51379131094495
CZ,EUR_HE0561,1151.3198697121225
CZ,EUR_HE0562,432.3996494207132
CZ,EUR_HE061,1738.7870166321163
CZ,EUR_HE062,234.54988290150965
CZ,EUR_HE0630,234.54988290150965
CZ,EUR_HE071,174.23255391946287
CZ,EUR_HE0721,176.01365055992306
CZ,EUR_HE0722,730.2745763682393
CZ,EUR_HE0723,202.96687267630165
CZ,EUR_HE0724,596.2870064157275
CZ,EUR_HE0731,1182.5269206201672
CZ,EUR_HE0732,1281.017938937975
CZ,EUR_HE0733,1014.7203000576937
CZ,EUR_HE0734,598.0823843426595
CZ,EUR_HE0735,1269.905608571756
CZ,EUR_HE0736,1370.1958202000922
CZ,EUR_HE08,231.7228823254542
CZ,EUR_HE091,191.94733556421244
CZ,EUR_HE092,644.9620685007437
CZ,EUR_HE093,230.56529385053872
CZ,EUR_HE094,239.82478287002397
CZ,EUR_HE095,174.05172824816253
CZ,EUR_HE0960,1036.4396243628166
CZ,EUR_HE10,243.83130068022615
CZ,EUR_HE111,577.7008476742269
CZ,EUR_HE1120,577.7008476742269
CZ,EUR_HE121,251.05736639307102
CZ,EUR_HE1231,251.1569275575739
CZ,EUR_HE1232,184.2879052359408
CZ,EUR_HE1240,12.357886589915076
CZ,EUR_HE125,114.0771178793241
CZ,EUR_HE1262,199.64122293289498
CZ,EUR_HE1270,252.993741158311
DE,EUR_HE0111,5117.310430535388
DE,EUR_HE0112,1897.0225135682163
DE,EUR_HE0113,1200.1386569657582
DE,EUR_HE0114,2062.7411085877907
DE,EUR_HE0115,1525.0425459777096
DE,EUR_HE0116,5271.167076776754
DE,EUR_HE0117,5271.167076776754
DE,EUR_HE0118,2037.9979023571202
DE,EUR_HE0119,4955.736722565795
DE,EUR_HE012,3382.344738795333
DE,EUR_HE021,3382.344738795333
DE,EUR_HE0220,565.782621447837
DE,EUR_HE031,3759.991531093555
DE,EUR_HE032,2071.1960359657105
DE,EUR_HE041,14211.78263127948
DE,EUR_HE042,14211.78263127948
DE,EUR_HE043,20874.42095789717
DE,EUR_HE044,3060.7702413675142
DE,EUR_HE0451,15385.573146581663
DE,EUR_HE0452,14691.772409047586
DE,EUR_HE0453,701.0387509510898
DE,EUR_HE0454,2470.994600552212
DE,EUR_HE0455,20315.63015772758
DE,EUR_HE0511,3635.684565360471
DE,EUR_HE0512,3975.587637261917
DE,EUR_HE0513,3409.0800348136704
DE,EUR_HE0520,4658.771841604982
DE,EUR_HE053,4149.4789895720805
DE,EUR_HE0540,2379.244421221283
DE,EUR_HE055,3402.454345894391
DE,EUR_HE0561,13214.551194547119
DE,EUR_HE0562,4230.002013452843
DE,EUR_HE061,19399.534397020994
DE,EUR_HE062,6436.407825205311
DE,EUR_HE0630,6436.407825205311
DE,EUR_HE071,2341.976229797053
DE,EUR_HE0721,3193.647597400895
DE,EUR_HE0722,12961.410942342467
DE,EUR_HE0723,1981.6938170760238
DE,EUR_HE0724,5026.329003611617
DE,EUR_HE0731,3567.001827376244
DE,EUR_HE0732,2905.597487708255
DE,EUR_HE0733,29499.195595807858
DE,EUR_HE0734,19010.467101841932
DE,EUR_HE0735,2111.0802278870065
DE,EUR_HE0736,3113.9724795155876
DE,EUR_HE08,2200.215412809837
DE,EUR_HE091,2588.1574789373913
DE,EUR_HE092,7695.962910976746
DE,EUR_HE093,3619.6772103992225
DE,EUR_HE094,5157.211360344375
DE,EUR_HE095,3930.6414189552856
DE,EUR_HE0960,5705.915837492559
DE,EUR_HE10,4532.4500504327125
DE,EUR_HE111,3167.293546314486
DE,EUR_HE1120,3167.293546314486
DE,EUR_HE121,6164.480685183078
DE,EUR_HE1231,2870.844090051194
DE,EUR_HE1232,4064.678677791282
DE,EUR_HE1240,551.6755620385983
DE,EUR_HE125,2145.5568875257136
DE,EUR_HE1262,1912.0853289569523
DE,EUR_HE1270,2885.9113388728692
DK,EUR_HE0111,276.4709470590328
DK,EUR_HE0112,142.69679224014465
DK,EUR_HE0113,296.59133125739623
DK,EUR_HE0114,113.12148497659065
DK,EUR_HE0115,93.86852917751699
DK,EUR_HE0116,264.41699030121487
DK,EUR_HE0117,264.41699030121487
DK,EUR_HE0118,99.94276503410399
DK,EUR_HE0119,226.37924165695878
DK,EUR_HE012,175.67858347726775
DK,EUR_HE021,175.67858347726775
DK,EUR_HE0220,40.62367335277624
DK,EUR_HE031,232.15594342013534
DK,EUR_HE032,115.24316054433623
DK,EUR_HE041,148.0993716162998
DK,EUR_HE042,148.0993716162998
DK,EUR_HE043,237.2702375316818
DK,EUR_HE044,226.29538378926577
DK,EUR_HE0451,440.6844009924098
DK,EUR_HE0452,1218.907423209337
DK,EUR_HE0453,67.50531622641549
DK,EUR_HE0454,279.6581026196427
DK,EUR_HE0455,8767.933374087392
DK,EUR_HE0511,271.1377717637216
DK,EUR_HE0512,277.492656233048
DK,EUR_HE0513,470.0401494351074
DK,EUR_HE0520,305.6346594417539
DK,EUR_HE053,236.36326321458714
DK,EUR_HE0540,254.7885013076247
DK,EUR_HE055,220.17783077786146
DK,EUR_HE0561,580.5157165740393
DK,EUR_HE0562,226.49721110391553
DK,EUR_HE061,808.2991077031263
DK,EUR_HE062,156.40957547751543
DK,EUR_HE0630,156.40957547751543
DK,EUR_HE071,74.1825849624988
DK,EUR_HE0721,124.50939078919072
DK,EUR_HE0722,740.6406912468635
DK,EUR_HE0723,71.09967403413614
DK,EUR_HE0724,290.27582450604734
DK,EUR_HE0731,201.08832623146256
DK,EUR_HE0732,337.96897617719776
DK,EUR_HE0733,1907.7006421020792
DK,EUR_HE0734,10661.102037218556
DK,EUR_HE0735,262.4184628982012
DK,EUR_HE0736,309.7377625520768
DK,EUR_HE08,89.6855516541811
DK,EUR_HE091,194.58702587318618
DK,EUR_HE092,169.68343606313738
DK,EUR_HE093,182.87737752341334
DK,EUR_HE094,83.71291803069288
DK,EUR_HE095,134.88939337381555
DK,EUR_HE0960,616.3856058171657
DK,EUR_HE10,99.08156030025448
DK,EUR_HE111,393.0887401041848
DK,EUR_HE1120,393.0887401041848
DK,EUR_HE121,160.04474979703113
DK,EUR_HE1231,198.94516132951222
DK,EUR_HE1232,166.32088793997426
DK,EUR_HE1240,10.467114071272224
DK,EUR_HE125,55.30990387149343
DK,EUR_HE1262,82.97560027272775
DK,EUR_HE1270,71.71333190923369
EE,EUR_HE0111,129.64730237875372
EE,EUR_HE0112,34.17162463182552
EE,EUR_HE0113,10.244063686322813
EE,EUR_HE0114,42.21021915318033
EE,EUR_HE0115,27.091555470408977
EE,EUR_HE0116,54.43198809907388
EE,EUR_HE0117,54.43198809907388
EE,EUR_HE0118,45.63823894017523
EE,EUR_HE0119,128.68671519290547
EE,EUR_HE012,73.6254226227279
EE,EUR_HE021,73.6254226227279
EE,EUR_HE0220,2.9869414553346756
EE,EUR_HE031,21.002109772790842
EE,EUR_HE032,8.785403563409117
EE,EUR_HE041,179.25918549416704
EE,EUR_HE042,179.25918549416704
EE,EUR_HE043,65.13482266424968
EE,EUR_HE044,104.86370495875686
EE,EUR_HE0451,513.8040566589153
EE,EUR_HE0452,721.2590204529383
EE,EUR_HE0453,32.434547928234686
EE,EUR_HE0454,38.59675037120374
EE,EUR_HE0455,2013.2015425460124
EE,EUR_HE0511,22.671535009591597
EE,EUR_HE0512,25.85207227400622
EE,EUR_HE0513,21.218069106910455
EE,EUR_HE0520,30.68659646555906
EE,EUR_HE053,26.761345887171792
EE,EUR_HE0540,16.34855135911575
EE,EUR_HE055,21.969086070556415
EE,EUR_HE0561,77.44659488146853
EE,EUR_HE0562,66.7767124355086
EE,EUR_HE061,111.2174757670507
EE,EUR_HE062,10.228977998696294
EE,EUR_HE0630,10.228977998696294
EE,EUR_HE071,17.337043284373685
EE,EUR_HE0721,29.848743779920625
EE,EUR_HE0722,127.32700824390452
EE,EUR_HE0723,17.62799444449199
EE,EUR_HE0724,73.80686173813775
EE,EUR_HE0731,94.72553831009307
EE,EUR_HE0732,34.20416632516444
EE,EUR_HE0733,125.14820222062467
EE,EUR_HE0734,106.76330365833604
EE,EUR_HE0735,30.283894412359714
EE,EUR_HE0736,37.19856716100555
EE,EUR_HE08,14.44672632723844
EE,EUR_HE091,18.450644823055733
EE,EUR_HE092,25.051604482513476
EE,EUR_HE093,23.157924226483882
EE,EUR_HE094,8.902283655880948
EE,EUR_HE095,58.34082432103372
EE,EUR_HE0960,43.397904469292484
EE,EUR_HE10,14.568074297603664
EE,EUR_HE111,23.975582140438433
EE,EUR_HE1120,23.975582140438433
EE,EUR_HE121,11.617417668239536
EE,EUR_HE1231,16.2596858923081
EE,EUR_HE1232,53.25011971417921
EE,EUR_HE1240,0.6328633726054388
EE,EUR_HE125,4.740509852342752
EE,EUR_HE1262,7.766129417196817
EE,EUR_HE1270,10.53465379876301
ES,EUR_HE0111,2236.1094021875983
ES,EUR_HE0112,643.3231524816565
ES,EUR_HE0113,1409.1571872818213
ES,EUR_HE0114,294.4242583559762
ES,EUR_HE0115,336.95560354341734
ES,EUR_HE0116,4702.665658141049
ES,EUR_HE0117,4702.665658141049
ES,EUR_HE0118,515.056869794956
ES,EUR_HE0119,2131.32409658474
ES,EUR_HE012,1631.7796023371702
ES,EUR_HE021,1631.7796023371702
ES,EUR_HE0220,2047.0510309011702
ES,EUR_HE031,1874.957483334062
ES,EUR_HE032,1420.732646402305
ES,EUR_HE041,1292.6080144695834
ES,EUR_HE042,1292.6080144695834
ES,EUR_HE043,2409.3793636725522
ES,EUR_HE044,1699.035962595037
ES,EUR_HE0451,5933.697840700629
ES,EUR_HE0452,6035.68715288683
ES,EUR_HE0453,505.4451848322878
ES,EUR_HE0454,2821.433436032307
ES,EUR_HE0455,4182.9102227097255
ES,EUR_HE0511,6972.8057843159495
ES,EUR_HE0512,4477.564989639096
ES,EUR_HE0513,4980.746590270534
ES,EUR_HE0520,1722.7150341763277
ES,EUR_HE053,1579.561688423689
ES,EUR_HE0540,2774.118630565366
ES,EUR_HE055,3412.2517788545556
ES,EUR_HE0561,6027.377097422856
ES,EUR_HE0562,641.9900380044397
ES,EUR_HE061,8472.259259932032
ES,EUR_HE062,865.1141894891982
ES,EUR_HE0630,865.1141894891982
ES,EUR_HE071,688.4005962711338
ES,EUR_HE0721,945.2326106153492
ES,EUR_HE0722,5341.0001822776685
ES,EUR_HE0723,1090.4020708250293
ES,EUR_HE0724,1223.1694902585232
ES,EUR_HE0731,1994.037126760918
ES,EUR_HE0732,1374.3716678928506
ES,EUR_HE0733,9912.359927573723
ES,EUR_HE0734,4385.114124771515
ES,EUR_HE0735,1209.4935660955462
ES,EUR_HE0736,1297.58222915129
ES,EUR_HE08,543.7391837187813
ES,EUR_HE091,686.0454057950086
ES,EUR_HE092,2898.7306260849264
ES,EUR_HE093,4121.535757615933
ES,EUR_HE094,1786.4010487087933
ES,EUR_HE095,1042.4388004989198
ES,EUR_HE0960,2107.8516532606286
ES,EUR_HE10,752.3917031779706
ES,EUR_HE111,1808.2947961367652
ES,EUR_HE1120,1808.2947961367652
ES,EUR_HE121,904.432055618395
ES,EUR_HE1231,4277.0341265807665
ES,EUR_HE1232,1167.6668623639594
ES,EUR_HE1240,38.08718259643875
ES,EUR_HE125,261.94802051563096
ES,EUR_HE1262,383.85245115223324
ES,EUR_HE1270,501.88408175387553
FI,EUR_HE0111,269.36119169640284
FI,EUR_HE0112,93.07411510467338
FI,EUR_HE0113,78.82539480664406
FI,EUR_HE0114,111.99713178258841
FI,EUR_HE0115,84.15664029694804
FI,EUR_HE0116,357.963571344512
FI,EUR_HE0117,357.963571344512
FI,EUR_HE0118,98.91563395991392
FI,EUR_HE0119,249.81261253236676
FI,EUR_HE012,177.192480152457
FI,EUR_HE021,177.192480152457
FI,EUR_HE0220,24.739729477016812
FI,EUR_HE031,180.7422312228926
FI,EUR_HE032,81.36291777981444
FI,EUR_HE041,1781.6082823296076
FI,EUR_HE042,1781.6082823296076
FI,EUR_HE043,729.6335502950186
FI,EUR_HE044,365.71884326540237
FI,EUR_HE0451,926.7896873600638
FI,EUR_HE0452,5828.673809812772
FI,EUR_HE0453,131.90656177368416
FI,EUR_HE0454,338.7375421826312
FI,EUR_HE0455,12281.727837720638
FI,EUR_HE0511,313.84244198429644
FI,EUR_HE0512,321.70914254993977
FI,EUR_HE0513,266.2122629233419
FI,EUR_HE0520,253.71941958780064
FI,EUR_HE053,248.24948811356512
FI,EUR_HE0540,205.66106330930356
FI,EUR_HE055,286.13128794623054
FI,EUR_HE0561,1356.9462407828426
FI,EUR_HE0562,376.2438085831057
FI,EUR_HE061,2029.2731258626955
FI,EUR_HE062,78.57893697980239
FI,EUR_HE0630,78.57893697980239
FI,EUR_HE071,191.65694112480656
FI,EUR_HE0721,517.5694696932457
FI,EUR_HE0722,1070.0856795651832
FI,EUR_HE0723,84.64084814206612
FI,EUR_HE0724,416.51660650072375
FI,EUR_HE0731,239.97734433221052
FI,EUR_HE0732,276.9505122982043
FI,EUR_HE0733,2613.1773488945205
FI,EUR_HE0734,1631.6223966702394
FI,EUR_HE0735,251.14915624188197
FI,EUR_HE0736,319.2219706279909
FI,EUR_HE08,349.76135513513947
FI,EUR_HE091,434.20587652951576
FI,EUR_HE092,469.29652068891914
FI,EUR_HE093,189.9533358620201
FI,EUR_HE094,82.46787908991509
FI,EUR_HE095,300.66822872689426
FI,EUR_HE0960,453.4972811051922
FI,EUR_HE10,167.8946999197189
FI,EUR_HE111,498.7510498084969
FI,EUR_HE1120,498.7510498084969
FI,EUR_HE121,92.45294872383657
FI,EUR_HE1231,279.290742459899
FI,EUR_HE1232,292.0256978191511
FI,EUR_HE1240,4.70297793921667
FI,EUR_HE125,146.18587372403155
FI,EUR_HE1262,112.09202156446189
FI,EUR_HE1270,262.2789267492863
FR,EUR_HE0111,4895.638191714547
FR,EUR_HE0112,1650.3938480353122
FR,EUR_HE0113,1242.8930353444714
FR,EUR_HE0114,1532.961977818045
FR,EUR_HE0115,1153.7035883162068
FR,EUR_HE0116,5009.954552563922
FR,EUR_HE0117,5009.954552563922
FR,EUR_HE0118,1701.360914691823
FR,EUR_HE0119,4853.69451065409
FR,EUR_HE012,3066.8354932422217
FR,EUR_HE021,3066.8354932422217
FR,EUR_HE0220,555.8364429432529
FR,EUR_HE031,2315.0306005240504
FR,EUR_HE032,1352.0592062234778
FR,EUR_HE041,2643.3601965385187
FR,EUR_HE042,2643.3601965385187
FR,EUR_HE043,2164.773280916942
FR,EUR_HE044,2151.262503970097
FR,EUR_HE0451,5231.274375197925
FR,EUR_HE0452,6211.410953251628
FR,EUR_HE0453,877.8420302343962
FR,EUR_HE0454,1715.2531427805582
FR,EUR_HE0455,26487.270989740206
FR,EUR_HE0511,3702.5721307709387
FR,EUR_HE0512,3195.68266655174
FR,EUR_HE0513,2772.7612645273352
FR,EUR_HE0520,2788.536734253349
FR,EUR_HE053,2374.988302189683
FR,EUR_HE0540,1949.2216486211214
FR,EUR_HE055,2144.350658024053
FR,EUR_HE0561,7025.369279096261
FR,EUR_HE0562,1238.8860316004643
FR,EUR_HE061,10005.703225603826
FR,EUR_HE062,2983.8334876804224
FR,EUR_HE0630,2983.8334876804224
FR,EUR_HE071,1309.7294376311663
FR,EUR_HE0721,2056.3545184413815
FR,EUR_HE0722,7375.10646665619
FR,EUR_HE0723,893.6432110533893
FR,EUR_HE0724,1720.4482094235468
FR,EUR_HE0731,15146.78624312735
FR,EUR_HE0732,2171.453360570687
FR,EUR_HE0733,22022.523515297795
FR,EUR_HE0734,8326.584844456644
FR,EUR_HE0735,793.2736134351502
FR,EUR_HE0736,1578.5614303903355
FR,EUR_HE08,1640.5294673309863
FR,EUR_HE091,1743.595531695634
FR,EUR_HE092,2721.7583241257485
FR,EUR_HE093,2514.0717407637076
FR,EUR_HE094,1805.8186925721254
FR,EUR_HE095,1969.6406313649723
FR,EUR_HE0960,7008.726463193609
FR,EUR_HE10,2098.062071971991
FR,EUR_HE111,2575.07748055194
FR,EUR_HE1120,2575.07748055194
FR,EUR_HE121,2901.610981556788
FR,EUR_HE1231,2621.5283822740876
FR,EUR_HE1232,2120.386411912372
FR,EUR_HE1240,58.72843357635105
FR,EUR_HE125,1173.1734798400407
FR,EUR_HE1262,2583.209114374265
FR,EUR_HE1270,1167.8043623049623
GR,EUR_HE0111,413.206631353818
GR,EUR_HE0112,177.28501339084022
GR,EUR_HE0113,90.54694752797667
GR,EUR_HE0114,177.6349928156206
GR,EUR_HE0115,131.65294922608808
GR,EUR_HE0116,1196.2880101869027
GR,EUR_HE0117,1196.2880101869027
GR,EUR_HE0118,157.26761080837082
GR,EUR_HE0119,369.2099026971929
GR,EUR_HE012,343.6765964570036
GR,EUR_HE021,343.6765964570036
GR,EUR_HE0220,144.39980543057547
GR,EUR_HE031,371.26774279469515
GR,EUR_HE032,224.14278732432695
GR,EUR_HE041,5832.916121704307
GR,EUR_HE042,5832.916121704307
GR,EUR_HE043,418.88115832970834
GR,EUR_HE044,532.7587083911554
GR,EUR_HE0451,2357.5979699700324
GR,EUR_HE0452,7223.956244701088
GR,EUR_HE0453,155.06222023172683
GR,EUR_HE0454,270.5123711447174
GR,EUR_HE0455,1707.7347783362152
GR,EUR_HE0511,2917.105775405365
GR,EUR_HE0512,1725.6003366123125
GR,EUR_HE0513,2161.42252544326
GR,EUR_HE0520,426.0326992872409
GR,EUR_HE053,371.44606112441187
GR,EUR_HE0540,788.204914902954
GR,EUR_HE055,609.9502689746002
GR,EUR_HE0561,1258.3763656592243
GR,EUR_HE0562,1763.135154229518
GR,EUR_HE061,1633.9459481114711
GR,EUR_HE062,119.49781638891525
GR,EUR_HE0630,119.49781638891525
GR,EUR_HE071,90.6288882601714
GR,EUR_HE0721,228.13268468403254
GR,EUR_HE0722,1347.1928858975748
GR,EUR_HE0723,87.22947466400878
GR,EUR_HE0724,1873.8797371180365
GR,EUR_HE0731,747.4824763511998
GR,EUR_HE0732,1966.7449663793147
GR,EUR_HE0733,1852.9952891742844
GR,EUR_HE0734,25444.037823425515
GR,EUR_HE0735,313.11881193270324
GR,EUR_HE0736,451.86586715952416
GR,EUR_HE08,1145.1127837702127
GR,EUR_HE091,212.19185484894234
GR,EUR_HE092,2121.723135038067
GR,EUR_HE093,2014.7885560989475
GR,EUR_HE094,1875.519290764883
GR,EUR_HE095,204.9265658822367
GR,EUR_HE0960,6987.306994936894
GR,EUR_HE10,67.6728412400317
GR,EUR_HE111,498.8690023515505
GR,EUR_HE1120,498.8690023515505
GR,EUR_HE121,132.48455217876108
GR,EUR_HE1231,1735.7705040492656
GR,EUR_HE1232,245.628697137217
GR,EUR_HE1240,5.113591922659307
GR,EUR_HE125,3819.378988849708
GR,EUR_HE1262,144.83103130207544
GR,EUR_HE1270,1117.1848861353799
HR,EUR_HE0111,266.0436602750369
HR,EUR_HE0112,103.10054640455998
HR,EUR_HE0113,146.25974403120244
HR,EUR_HE0114,133.75173886883346
HR,EUR_HE0115,87.84389203495277
HR,EUR_HE0116,175.52279193747205
HR,EUR_HE0117,175.52279193747205
HR,EUR_HE0118,124.18842148358004
HR,EUR_HE0119,272.0405484342553
HR,EUR_HE012,196.75293572853283
HR,EUR_HE021,196.75293572853283
HR,EUR_HE0220,77.14910067839757
HR,EUR_HE031,86.25291492265696
HR,EUR_HE032,58.8028875217697
HR,EUR_HE041,106.40128889615387
HR,EUR_HE042,106.40128889615387
HR,EUR_HE043,388.56950151147197
HR,EUR_HE044,138.3244544007429
HR,EUR_HE0451,149.22552255330876
HR,EUR_HE0452,1457.3227541765157
HR,EUR_HE0453,81.38034267800383
HR,EUR_HE0454,37.309087619948805
HR,EUR_HE0455,681.7316098805345
HR,EUR_HE0511,176.52567741299816
HR,EUR_HE0512,139.97751678266923
HR,EUR_HE0513,144.9068575877782
HR,EUR_HE0520,101.20729086739645
HR,EUR_HE053,128.45889758180067
HR,EUR_HE0540,75.01359890877197
HR,EUR_HE055,109.33442153447577
HR,EUR_HE0561,303.3288576472078
HR,EUR_HE0562,220.18702082750843
HR,EUR_HE061,440.8997209357408
HR,EUR_HE062,119.72682089927507
HR,EUR_HE0630,119.72682089927507
HR,EUR_HE071,18.81845570036063
HR,EUR_HE0721,53.39121618809044
HR,EUR_HE0722,153.64091209302563
HR,EUR_HE0723,29.32611638160684
HR,EUR_HE0724,311.9801518823524
HR,EUR_HE0731,249.81005243917284
HR,EUR_HE0732,411.259760320898
HR,EUR_HE0733,271.5740198768144
HR,EUR_HE0734,439.1800117455164
HR,EUR_HE0735,460.0381494040386
HR,EUR_HE0736,424.35257547710336
HR,EUR_HE08,33.2276083752609
HR,EUR_HE091,50.26672382319142
HR,EUR_HE092,166.0205958051282
HR,EUR_HE093,116.32294674631632
HR,EUR_HE094,84.63258886979317
HR,EUR_HE095,90.57919061169244
HR,EUR_HE0960,176.72570942855674
HR,EUR_HE10,61.35230645291702
HR,EUR_HE111,239.18916158917128
HR,EUR_HE1120,239.18916158917128
HR,EUR_HE121,115.96322181964238
HR,EUR_HE1231,137.3263172068875
HR,EUR_HE1232,92.53565525126169
HR,EUR_HE1240,14.83553283462692
HR,EUR_HE125,31.73664089912923
HR,EUR_HE1262,57.13427646122395
HR,EUR_HE1270,61.25567364519276
HU,EUR_HE0111,414.87663151099673
HU,EUR_HE0112,145.176429487343
HU,EUR_HE0113,26.944814659304257
HU,EUR_HE0114,146.39759424642693
HU,EUR_HE0115,114.70073966030466
HU,EUR_HE0116,373.28885768130607
HU,EUR_HE0117,373.28885768130607
HU,EUR_HE0118,159.15219248495646
HU,EUR_HE0119,405.38244429720044
HU,EUR_HE012,268.1795306226636
HU,EUR_HE021,268.1795306226636
HU,EUR_HE0220,50.12756942383158
HU,EUR_HE031,102.24927577035129
HU,EUR_HE032,59.890890346351604
HU,EUR_HE041,815.6544098223222
HU,EUR_HE042,815.6544098223222
HU,EUR_HE043,393.96062713672154
HU,EUR_HE044,403.3184351624136
HU,EUR_HE0451,656.537763240398
HU,EUR_HE0452,8307.758828222328
HU,EUR_HE0453,113.56981526423132
HU,EUR_HE0454,130.0691385522496
HU,EUR_HE0455,5391.653532771322
HU,EUR_HE0511,142.23371422385264
HU,EUR_HE0512,145.38469801345954
HU,EUR_HE0513,133.45109525965415
HU,EUR_HE0520,129.81312236767266
HU,EUR_HE053,244.22579656684658
HU,EUR_HE0540,101.19798719237049
HU,EUR_HE055,162.88755737489703
HU,EUR_HE0561,677.0968864737843
HU,EUR_HE0562,234.06407823526575
HU,EUR_HE061,1023.469060187114
HU,EUR_HE062,350.2777042672363
HU,EUR_HE0630,350.2777042672363
HU,EUR_HE071,62.29526925660305
HU,EUR_HE0721,229.29744393537428
HU,EUR_HE0722,797.5386851599308
HU,EUR_HE0723,103.11630088179973
HU,EUR_HE0724,261.2893642450303
HU,EUR_HE0731,306.9903561457522
HU,EUR_HE0732,163.48442064876946
HU,EUR_HE0733,871.9224746915894
HU,EUR_HE0734,382.1955980141009
HU,EUR_HE0735,126.09990181585056
HU,EUR_HE0736,222.48234273336357
HU,EUR_HE08,127.18035659393371
HU,EUR_HE091,117.7454878911575
HU,EUR_HE092,327.85042295658457
HU,EUR_HE093,150.9082133345709
HU,EUR_HE094,219.12204776852292
HU,EUR_HE095,789.0947814135234
HU,EUR_HE0960,331.19958528376674
HU,EUR_HE10,339.4970972818036
HU,EUR_HE111,265.37463200659016
HU,EUR_HE1120,265.37463200659016
HU,EUR_HE121,340.17361991862043
HU,EUR_HE1231,117.78279857578882
HU,EUR_HE1232,667.7314876539042
HU,EUR_HE1240,32.001998506919605
HU,EUR_HE125,144.97691085125928
HU,EUR_HE1262,202.52524876223697
HU,EUR_HE1270,180.4869055659689
IE,EUR_HE0111,274.99576042654235
IE,EUR_HE0112,104.63529767543655
IE,EUR_HE0113,52.830115386959086
IE,EUR_HE0114,87.08779154166854
IE,EUR_HE0115,66.56756195724606
IE,EUR_HE0116,293.6154140943547
IE,EUR_HE0117,293.6154140943547
IE,EUR_HE0118,91.00033617793176
IE,EUR_HE0119,260.6084080833533
IE,EUR_HE012,220.09410597455476
IE,EUR_HE021,220.09410597455476
IE,EUR_HE0220,21.852788542797136
IE,EUR_HE031,238.0572960738031
IE,EUR_HE032,171.82950568022534
IE,EUR_HE041,196.4000969278599
IE,EUR_HE042,196.4000969278599
IE,EUR_HE043,195.36194691622748
IE,EUR_HE044,492.32857188813745
IE,EUR_HE0451,1479.179081541692
IE,EUR_HE0452,3394.026820243877
IE,EUR_HE0453,90.67759911219505
IE,EUR_HE0454,223.9184207084306
IE,EUR_HE0455,970.6182263293367
IE,EUR_HE0511,196.00625843363898
IE,EUR_HE0512,212.5131576493149
IE,EUR_HE0513,256.9442958027486
IE,EUR_HE0520,224.82750197652695
IE,EUR_HE053,210.58378431545057
IE,EUR_HE0540,167.82975268698513
IE,EUR_HE055,244.5154027069251
IE,EUR_HE0561,958.788886269314
IE,EUR_HE0562,175.07919959737717
IE,EUR_HE061,1441.796162861409
IE,EUR_HE062,175.04139997570647
IE,EUR_HE0630,175.04139997570647
IE,EUR_HE071,136.1726835649064
IE,EUR_HE0721,202.33104039748383
IE,EUR_HE0722,858.9693963287259
IE,EUR_HE0723,100.99159330383063
IE,EUR_HE0724,306.36791670485945
IE,EUR_HE0731,333.7338175647115
IE,EUR_HE0732,303.823215612728
IE,EUR_HE0733,3099.3753838934335
IE,EUR_HE0734,861.1827306812912
IE,EUR_HE0735,290.11907781630043
IE,EUR_HE0736,316.083160752614
IE,EUR_HE08,123.47757512614842
IE,EUR_HE091,159.1877667191066
IE,EUR_HE092,168.42458553546442
IE,EUR_HE093,130.0586809625787
IE,EUR_HE094,61.90021394900742
IE,EUR_HE095,185.95499484871257
IE,EUR_HE0960,405.5967874526209
IE,EUR_HE10,125.21715069488928
IE,EUR_HE111,441.5693851729735
IE,EUR_HE1120,441.5693851729735
IE,EUR_HE121,176.00824964528908
IE,EUR_HE1231,174.71174592007125
IE,EUR_HE1232,193.11080668875934
IE,EUR_HE1240,6.083608165727171
IE,EUR_HE125,74.50275261758279
IE,EUR_HE1262,118.38354872961189
IE,EUR_HE1270,97.975352874552
IT,EUR_HE0111,2985.080639820056
IT,EUR_HE0112,1082.9744438734897
IT,EUR_HE0113,1099.9294569698568
IT,EUR_HE0114,935.5231080427532
IT,EUR_HE0115,841.1316425565517
IT,EUR_HE0116,6308.967285870802
IT,EUR_HE0117,6308.967285870802
IT,EUR_HE0118,1004.3808695593427
IT,EUR_HE0119,2823.2251470070087
IT,EUR_HE012,1897.6914213877694
IT,EUR_HE021,1897.6914213877694
IT,EUR_HE0220,499.81679048098766
IT,EUR_HE031,2862.2941341752703
IT,EUR_HE032,1674.5304561534213
IT,EUR_HE041,6075.155886677255
IT,EUR_HE042,6075.155886677255
IT,EUR_HE043,7595.672481903389
IT,EUR_HE044,1901.7890032884538
IT,EUR_HE0451,9194.029587326126
IT,EUR_HE0452,35608.479699485586
IT,EUR_HE0453,860.5000261795078
IT,EUR_HE0454,1392.5971649213902
IT,EUR_HE0455,9238.459339116565
IT,EUR_HE0511,1706.4888563106542
IT,EUR_HE0512,2431.8831336690155
IT,EUR_HE0513,1565.7346017887446
IT,EUR_HE0520,3471.4473622723826
IT,EUR_HE053,3506.2098799118426
IT,EUR_HE0540,1392.9697113659795
IT,EUR_HE055,2497.2257526910976
IT,EUR_HE0561,8419.73429856965
IT,EUR_HE0562,1301.4098487854797
IT,EUR_HE061,12280.631065433197
IT,EUR_HE062,3238.5800710452777
IT,EUR_HE0630,3238.5800710452777
IT,EUR_HE071,920.888961274047
IT,EUR_HE0721,1537.232165639129
IT,EUR_HE0722,9493.792948619022
IT,EUR_HE0723,1553.6573548094436
IT,EUR_HE0724,4043.7269972589365
IT,EUR_HE0731,3381.926140137072
IT,EUR_HE0732,1460.8850576966465
IT,EUR_HE0733,12165.953144301064
IT,EUR_HE0734,11088.879362613665
IT,EUR_HE0735,859.8186186269404
IT,EUR_HE0736,1507.2390797778064
IT,EUR_HE08,1454.6677595116093
IT,EUR_HE091,1362.5266576769002
IT,EUR_HE092,2279.6383242733373
IT,EUR_HE093,1389.8343979992555
IT,EUR_HE094,1187.311271660385
IT,EUR_HE095,1583.021592427779
IT,EUR_HE0960,5068.923933092253
IT,EUR_HE10,1492.9281183586531
IT,EUR_HE111,5370.220685332795
IT,EUR_HE1120,5370.220685332795
IT,EUR_HE121,3128.6261368514306
IT,EUR_HE1231,1271.3693970808376
IT,EUR_HE1232,1930.65081630241
IT,EUR_HE1240,157.42196663798487
IT,EUR_HE125,1997.0793315751
IT,EUR_HE1262,4652.477119144189
IT,EUR_HE1270,1837.2292580971632
LT,EUR_HE0111,131.07548614757664
LT,EUR_HE0112,38.96800312276208
LT,EUR_HE0113,46.83566967503142
LT,EUR_HE0114,97.51028900902486
LT,EUR_HE0115,67.59684298174255
LT,EUR_HE0116,171.82285477331766
LT,EUR_HE0117,171.82285477331766
LT,EUR_HE0118,74.66984253432162
LT,EUR_HE0119,114.78430918562128
LT,EUR_HE012,80.56513663929061
LT,EUR_HE021,80.56513663929061
LT,EUR_HE0220,12.574374625653382
LT,EUR_HE031,43.014573790318536
LT,EUR_HE032,28.86637365601163
LT,EUR_HE041,103.19249178463298
LT,EUR_HE042,103.19249178463298
LT,EUR_HE043,227.3480537082043
LT,EUR_HE044,123.7483119206914
LT,EUR_HE0451,122.98171712909232
LT,EUR_HE0452,2875.6945739488147
LT,EUR_HE0453,26.683048250913423
LT,EUR_HE0454,68.42249085674614
LT,EUR_HE0455,3602.385897809737
LT,EUR_HE0511,49.12014218437195
LT,EUR_HE0512,47.219899550606726
LT,EUR_HE0513,56.02577470928332
LT,EUR_HE0520,44.101921864758154
LT,EUR_HE053,56.71493888541024
LT,EUR_HE0540,41.839168641419306
LT,EUR_HE055,80.72324486939868
LT,EUR_HE0561,169.72825629138944
LT,EUR_HE0562,39.70881595450161
LT,EUR_HE061,245.66129094139356
LT,EUR_HE062,15.369998777488384
LT,EUR_HE0630,15.369998777488384
LT,EUR_HE071,93.54334752325312
LT,EUR_HE0721,54.648449855652004
LT,EUR_HE0722,281.14610846593223
LT,EUR_HE0723,150.81709983354014
LT,EUR_HE0724,67.74239870347941
LT,EUR_HE0731,219.295880020211
LT,EUR_HE0732,118.25586693020188
LT,EUR_HE0733,133.21399945929815
LT,EUR_HE0734,237.99421646825357
LT,EUR_HE0735,105.86962106147136
LT,EUR_HE0736,119.07985226128623
LT,EUR_HE08,22.087528281739523
LT,EUR_HE091,36.1253016845491
LT,EUR_HE092,33.81406576457276
LT,EUR_HE093,43.126114643675805
LT,EUR_HE094,20.313561678673665
LT,EUR_HE095,128.18795121992068
LT,EUR_HE0960,153.2407496827603
LT,EUR_HE10,31.621347370130387
LT,EUR_HE111,100.73070749272205
LT,EUR_HE1120,100.73070749272205
LT,EUR_HE121,18.633592382541686
LT,EUR_HE1231,39.17961081897199
LT,EUR_HE1232,112.70904726181617
LT,EUR_HE1240,1.7657912001668998
LT,EUR_HE125,17.1049662672957
LT,EUR_HE1262,17.134911400606843
LT,EUR_HE1270,18.55405334313125
LU,EUR_HE0111,57.89213557163748
LU,EUR_HE0112,25.153374970076896
LU,EUR_HE0113,7.589367762584071
LU,EUR_HE0114,16.39825798158354
LU,EUR_HE0115,18.434324285987238
LU,EUR_HE0116,163.30298187479232
LU,EUR_HE0117,163.30298187479232
LU,EUR_HE0118,17.82482885432921
LU,EUR_HE0119,51.02516627930367
LU,EUR_HE012,35.53353971993771
LU,EUR_HE021,35.53353971993771
LU,EUR_HE0220,15.97563767312848
LU,EUR_HE031,65.67733797421172
LU,EUR_HE032,34.42974458182735
LU,EUR_HE041,43.22582293338786
LU,EUR_HE042,43.22582293338786
LU,EUR_HE043,63.297058087824304
LU,EUR_HE044,26.097616295763526
LU,EUR_HE0451,130.6981222864642
LU,EUR_HE0452,110.79334536938707
LU,EUR_HE0453,17.588594066742854
LU,EUR_HE0454,42.751936774261374
LU,EUR_HE0455,223.22662016969602
LU,EUR_HE0511,45.578756070157645
LU,EUR_HE0512,59.0639323322371
LU,EUR_HE0513,49.06683285943181
LU,EUR_HE0520,83.49532329229967
LU,EUR_HE053,36.273637396571395
LU,EUR_HE0540,42.385711006858386
LU,EUR_HE055,86.4640801973337
LU,EUR_HE0561,358.04863322754426
LU,EUR_HE0562,39.41407389861545
LU,EUR_HE061,552.9482397794917
LU,EUR_HE062,61.381997979935434
LU,EUR_HE0630,61.381997979935434
LU,EUR_HE071,28.416959839888435
LU,EUR_HE0721,12.7496171464084
LU,EUR_HE0722,128.05442375032112
LU,EUR_HE0723,16.635231349201632
LU,EUR_HE0724,61.09388679321052
LU,EUR_HE0731,144.45982179384944
LU,EUR_HE0732,324.0592726121529
LU,EUR_HE0733,513.1511586631914
LU,EUR_HE0734,76.83994895003369
LU,EUR_HE0735,232.71769054741534
LU,EUR_HE0736,225.72026009093184
LU,EUR_HE08,13.40963179671759
LU,EUR_HE091,19.395906154617435
LU,EUR_HE092,55.0380382344506
LU,EUR_HE093,41.08266863835915
LU,EUR_HE094,42.39411522451303
LU,EUR_HE095,10.263141261016894
LU,EUR_HE0960,532.1215708347609
LU,EUR_HE10,29.038928381488777
LU,EUR_HE111,70.4118057768147
LU,EUR_HE1120,70.4118057768147
LU,EUR_HE121,58.66743159174638
LU,EUR_HE1231,34.428928279202715
LU,EUR_HE1232,23.744024125835722
LU,EUR_HE1240,1.3333132713406832
LU,EUR_HE125,29.388653274554894
LU,EUR_HE1262,28.460635369247235
LU,EUR_HE1270,22.933125297352415
LV,EUR_HE0111,98.6226360091131
LV,EUR_HE0112,31.196513788561226
LV,EUR_HE0113,24.358547505834512
LV,EUR_HE0114,39.168361837099496
LV,EUR_HE0115,27.668913639105877
LV,EUR_HE0116,78.44901611837994
LV,EUR_HE0117,78.44901611837994
LV,EUR_HE0118,37.08615204817514
LV,EUR_HE0119,96.4742317658072
LV,EUR_HE012,62.116948498292786
LV,EUR_HE021,62.116948498292786
LV,EUR_HE0220,9.722253526366108
LV,EUR_HE031,33.42096367596461
LV,EUR_HE032,9.791540815680879
LV,EUR_HE041,131.41640471719958
LV,EUR_HE042,131.41640471719958
LV,EUR_HE043,160.17005224210865
LV,EUR_HE044,59.07466123768697
LV,EUR_HE0451,48.26445509278391
LV,EUR_HE0452,668.8376014543553
LV,EUR_HE0453,131.32775119294735
LV,EUR_HE0454,64.02162892649524
LV,EUR_HE0455,1874.523534277808
LV,EUR_HE0511,27.189368390741336
LV,EUR_HE0512,37.528401935725014
LV,EUR_HE0513,70.18381443454288
LV,EUR_HE0520,53.69410467732496
LV,EUR_HE053,34.01356675581785
LV,EUR_HE0540,32.560842716196724
LV,EUR_HE055,44.087296818415254
LV,EUR_HE0561,212.39741510181105
LV,EUR_HE0562,18.803990515192087
LV,EUR_HE061,325.9351562429448
LV,EUR_HE062,21.16674332129369
LV,EUR_HE0630,21.16674332129369
LV,EUR_HE071,33.40543898708748
LV,EUR_HE0721,17.23757788281213
LV,EUR_HE0722,332.6446465714024
LV,EUR_HE0723,39.288248172388236
LV,EUR_HE0724,49.84016048561521
LV,EUR_HE0731,130.74887909539413
LV,EUR_HE0732,300.1143220565584
LV,EUR_HE0733,347.1958565657717
LV,EUR_HE0734,195.1035119950173
LV,EUR_HE0735,318.10756102055706
LV,EUR_HE0736,339.4734816958562
LV,EUR_HE08,50.428784810770644
LV,EUR_HE091,30.769096354134373
LV,EUR_HE092,54.186718812708435
LV,EUR_HE093,40.8473226305822
LV,EUR_HE094,43.29713186948798
LV,EUR_HE095,16.784729745774527
LV,EUR_HE0960,134.68690045761596
LV,EUR_HE10,27.423605466716808
LV,EUR_HE111,40.02143175037562
LV,EUR_HE1120,40.02143175037562
LV,EUR_HE121,21.675086411012252
LV,EUR_HE1231,21.425084435273813
LV,EUR_HE1232,23.579160094079104
LV,EUR_HE1240,0.8487092486361911
LV,EUR_HE125,23.314908046050068
LV,EUR_HE1262,47.501277157184376
LV,EUR_HE1270,25.26046807199185
MT,EUR_HE0111,13.8677325572653
MT,EUR_HE0112,4.2543164000449405
MT,EUR_HE0113,5.6650766324147535
MT,EUR_HE0114,2.160753346587632
MT,EUR_HE0115,2.2414242333194205
MT,EUR_HE0116,25.07558093217858
MT,EUR_HE0117,25.07558093217858
MT,EUR_HE0118,2.941102978499459
MT,EUR_HE0119,10.639599622963015
MT,EUR_HE012,6.477274894858999
MT,EUR_HE021,6.477274894858999
MT,EUR_HE0220,3.453826336575432
MT,EUR_HE031,8.745004048227877
MT,EUR_HE032,6.138407029401048
MT,EUR_HE041,24.157468948563775
MT,EUR_HE042,24.157468948563775
MT,EUR_HE043,16.91307662933763
MT,EUR_HE044,43.507427510278255
MT,EUR_HE0451,46.60895589798775
MT,EUR_HE0452,27.6388362247415
MT,EUR_HE0453,60.6831402788313
MT,EUR_HE0454,33.69482968517076
MT,EUR_HE0455,168.02602769475627
MT,EUR_HE0511,10.043492407579185
MT,EUR_HE0512,9.331132829059525
MT,EUR_HE0513,9.214662918432946
MT,EUR_HE0520,8.524255293199488
MT,EUR_HE053,20.01379935240235
MT,EUR_HE0540,9.93383126793928
MT,EUR_HE055,19.50852674340021
MT,EUR_HE0561,261.5454775624386
MT,EUR_HE0562,6.233404905553894
MT,EUR_HE061,423.05414568222926
MT,EUR_HE062,15.009293830499347
MT,EUR_HE0630,15.009293830499347
MT,EUR_HE071,4.197171745645953
MT,EUR_HE0721,10.988153992454958
MT,EUR_HE0722,339.5998340269944
MT,EUR_HE0723,7.317540812731009
MT,EUR_HE0724,18.04090485316641
MT,EUR_HE0731,7.825365251107172
MT,EUR_HE0732,12.56640947725154
MT,EUR_HE0733,276.7193580084707
MT,EUR_HE0734,41.374096552224394
MT,EUR_HE0735,8.696027694792583
MT,EUR_HE0736,17.417173663510777
MT,EUR_HE08,3.759086420050428
MT,EUR_HE091,7.212846852392894
MT,EUR_HE092,7.458331455441564
MT,EUR_HE093,6.801065721091337
MT,EUR_HE094,3.2919015469862227
MT,EUR_HE095,4.954836734545292
MT,EUR_HE0960,23.587482513594683
MT,EUR_HE10,2.8808318309064216
MT,EUR_HE111,7.312503571776985
MT,EUR_HE1120,7.312503571776985
MT,EUR_HE121,15.432886698962749
MT,EUR_HE1231,14.175375376815651
MT,EUR_HE1232,5.611910061462861
MT,EUR_HE1240,0.4920398877323043
MT,EUR_HE125,2.192561831344685
MT,EUR_HE1262,6.513903990203473
MT,EUR_HE1270,4.759112147887792
NL,EUR_HE0111,1893.052627651938
NL,EUR_HE0112,616.34524841538
NL,EUR_HE0113,188.84225420866207
NL,EUR_HE0114,447.3881423014312
NL,EUR_HE0115,370.13763764601356
NL,EUR_HE0116,1564.075483968006
NL,EUR_HE0117,1564.075483968006
NL,EUR_HE0118,577.968097838618
NL,EUR_HE0119,1896.5942575055053
NL,EUR_HE012,1109.220223076914
NL,EUR_HE021,1109.220223076914
NL,EUR_HE0220,217.36733065431025
NL,EUR_HE031,633.804564019084
NL,EUR_HE032,441.82275368906284
NL,EUR_HE041,1209.7049486350766
NL,EUR_HE042,1209.7049486350766
NL,EUR_HE043,3219.9275773205063
NL,EUR_HE044,621.5270478494592
NL,EUR_HE0451,3256.3367583802897
NL,EUR_HE0452,3152.734793458693
NL,EUR_HE0453,403.24902232560197
NL,EUR_HE0454,554.6210182734669
NL,EUR_HE0455,14974.70539239344
NL,EUR_HE0511,667.0378946271941
NL,EUR_HE0512,626.7753842377185
NL,EUR_HE0513,634.202376261799
NL,EUR_HE0520,627.2922055725644
NL,EUR_HE053,829.0371774337001
NL,EUR_HE0540,355.39362198843565
NL,EUR_HE055,1344.2735347387368
NL,EUR_HE0561,4762.41850793977
NL,EUR_HE0562,1236.5128724277063
NL,EUR_HE061,7596.517944676086
NL,EUR_HE062,1024.8935971591934
NL,EUR_HE0630,1024.8935971591934
NL,EUR_HE071,655.4128070237501
NL,EUR_HE0721,493.8094326141495
NL,EUR_HE0722,4242.451336591011
NL,EUR_HE0723,2067.0320758395774
NL,EUR_HE0724,1353.4096193763892
NL,EUR_HE0731,451.40771860399593
NL,EUR_HE0732,785.0365126257599
NL,EUR_HE0733,5819.574650426573
NL,EUR_HE0734,1904.6570294534981
NL,EUR_HE0735,752.9826449172698
NL,EUR_HE0736,938.2394932488405
NL,EUR_HE08,626.069905287226
NL,EUR_HE091,608.944337973825
NL,EUR_HE092,1368.9032416257912
NL,EUR_HE093,490.7131664958937
NL,EUR_HE094,454.98596481545496
NL,EUR_HE095,654.9123452171057
NL,EUR_HE0960,870.4819844053943
NL,EUR_HE10,850.2929697503355
NL,EUR_HE111,727.0003695068945
NL,EUR_HE1120,727.0003695068945
NL,EUR_HE121,1004.9262975862664
NL,EUR_HE1231,1252.779540454487
NL,EUR_HE1232,649.8279157090665
NL,EUR_HE1240,52.236142630520796
NL,EUR_HE125,424.05366804485135
NL,EUR_HE1262,587.858156938856
NL,EUR_HE1270,696.3386541386176
PL,EUR_HE0111,1899.211237739789
PL,EUR_HE0112,505.3207257861478
PL,EUR_HE0113,685.4725787831624
PL,EUR_HE0114,1068.728838266342
PL,EUR_HE0115,777.9120062670818
PL,EUR_HE0116,3431.3728469662083
PL,EUR_HE0117,3431.3728469662083
PL,EUR_HE0118,909.058964806876
PL,EUR_HE0119,1786.6338909540952
PL,EUR_HE012,1171.3919578465463
PL,EUR_HE021,1171.3919578465463
PL,EUR_HE0220,94.58363068414111
PL,EUR_HE031,518.699931198592
PL,EUR_HE032,305.08928833321664
PL,EUR_HE041,9010.199047150538
PL,EUR_HE042,9010.199047150538
PL,EUR_HE043,2870.035990810573
PL,EUR_HE044,1103.5211770294675
PL,EUR_HE0451,1556.9618726940207
PL,EUR_HE0452,2709.9098360718403
PL,EUR_HE0453,210.2189399443149
PL,EUR_HE0454,732.7863061995695
PL,EUR_HE0455,119489.64250920039
PL,EUR_HE0511,742.525330230406
PL,EUR_HE0512,664.5745019481549
PL,EUR_HE0513,645.3776976587098
PL,EUR_HE0520,628.5655136315593
PL,EUR_HE053,828.4039422706505
PL,EUR_HE0540,682.8092447352884
PL,EUR_HE055,857.7436482076957
PL,EUR_HE0561,2352.313683833106
PL,EUR_HE0562,795.3282339820493
PL,EUR_HE061,3412.9281382757217
PL,EUR_HE062,1644.1970827829962
PL,EUR_HE0630,1644.1970827829962
PL,EUR_HE071,330.1994009133641
PL,EUR_HE0721,569.4942247207339
PL,EUR_HE0722,2146.967826117601
PL,EUR_HE0723,327.7997647009597
PL,EUR_HE0724,975.5877917292229
PL,EUR_HE0731,885.0211445518607
PL,EUR_HE0732,783.5762925213056
PL,EUR_HE0733,1611.2738700101531
PL,EUR_HE0734,950.6862948731637
PL,EUR_HE0735,661.267994327346
PL,EUR_HE0736,961.2424089105347
PL,EUR_HE08,4403.308632626925
PL,EUR_HE091,512.2252188534789
PL,EUR_HE092,972.1986271820302
PL,EUR_HE093,618.6198972027058
PL,EUR_HE094,575.1909274204239
PL,EUR_HE095,333.6873839984083
PL,EUR_HE0960,1233.1528338806424
PL,EUR_HE10,1078.7722309364797
PL,EUR_HE111,869.9426213209529
PL,EUR_HE1120,869.9426213209529
PL,EUR_HE121,1535.771310191302
PL,EUR_HE1231,571.0265938900883
PL,EUR_HE1232,387.96976934756105
PL,EUR_HE1240,59.951584901699945
PL,EUR_HE125,1515.4275609022118
PL,EUR_HE1262,668.1974668350883
PL,EUR_HE1270,1984.4164694162107
PT,EUR_HE0111,477.9534191721915
PT,EUR_HE0112,144.99259244708003
PT,EUR_HE0113,243.24994573249782
PT,EUR_HE0114,176.4628768474365
PT,EUR_HE0115,129.96394645156184
PT,EUR_HE0116,977.4780372296963
PT,EUR_HE0117,977.4780372296963
PT,EUR_HE0118,187.94965954365045
PT,EUR_HE0119,474.92777934303206
PT,EUR_HE012,385.922482762904
PT,EUR_HE021,385.922482762904
PT,EUR_HE0220,244.5858328870039
PT,EUR_HE031,401.7730934508123
PT,EUR_HE032,230.55890710179244
PT,EUR_HE041,229.3875053163459
PT,EUR_HE042,229.3875053163459
PT,EUR_HE043,601.4876991748473
PT,EUR_HE044,601.660253415418
PT,EUR_HE0451,1252.4945723793794
PT,EUR_HE0452,884.0148975900565
PT,EUR_HE0453,102.10052009310786
PT,EUR_HE0454,281.9537751441277
PT,EUR_HE0455,822.4186578953042
PT,EUR_HE0511,430.35974060805063
PT,EUR_HE0512,439.3531958052905
PT,EUR_HE0513,344.84489727137424
PT,EUR_HE0520,481.56246416251724
PT,EUR_HE053,250.51271640750548
PT,EUR_HE0540,352.3323766512407
PT,EUR_HE055,332.6898374889975
PT,EUR_HE0561,897.9115027605619
PT,EUR_HE0562,197.56568103352743
PT,EUR_HE061,1241.4956874961827
PT,EUR_HE062,479.10656744621923
PT,EUR_HE0630,479.10656744621923
PT,EUR_HE071,167.8798293973143
PT,EUR_HE0721,176.93826305831737
PT,EUR_HE0722,1271.8530372763958
PT,EUR_HE0723,365.49810350007505
PT,EUR_HE0724,259.95740852568065
PT,EUR_HE0731,230.54384702009887
PT,EUR_HE0732,161.67902806655917
PT,EUR_HE0733,2481.718554756654
PT,EUR_HE0734,1046.3679592881444
PT,EUR_HE0735,117.56105690232253
PT,EUR_HE0736,143.37632504676188
PT,EUR_HE08,118.28447227927535
PT,EUR_HE091,152.51029558144282
PT,EUR_HE092,209.33812260157788
PT,EUR_HE093,299.58768803254645
PT,EUR_HE094,75.88312266094756
PT,EUR_HE095,175.8605161867947
PT,EUR_HE0960,370.5254223307688
PT,EUR_HE10,101.38399140549909
PT,EUR_HE111,309.13797773029245
PT,EUR_HE1120,309.13797773029245
PT,EUR_HE121,452.0677777568214
PT,EUR_HE1231,280.5823604718498
PT,EUR_HE1232,232.13539477019168
PT,EUR_HE1240,5.005119189178673
PT,EUR_HE125,50.854547924825766
PT,EUR_HE1262,74.91088070611166
PT,EUR_HE1270,102.51275005022387
RO,EUR_HE0111,475.10907400112336
RO,EUR_HE0112,161.5702800887896
RO,EUR_HE0113,46.08958564326686
RO,EUR_HE0114,246.87659425566386
RO,EUR_HE0115,140.50023302995163
RO,EUR_HE0116,796.7355060508797
RO,EUR_HE0117,796.7355060508797
RO,EUR_HE0118,186.69612373497873
RO,EUR_HE0119,463.9060938067509
RO,EUR_HE012,349.8405501861584
RO,EUR_HE021,349.8405501861584
RO,EUR_HE0220,34.25863435796013
RO,EUR_HE031,217.9233059276336
RO,EUR_HE032,117.08279093625757
RO,EUR_HE041,430.71514343843813
RO,EUR_HE042,430.71514343843813
RO,EUR_HE043,405.01939338744273
RO,EUR_HE044,581.7315314620625
RO,EUR_HE0451,1218.9087664056894
RO,EUR_HE0452,5632.797843915465
RO,EUR_HE0453,94.08053501598869
RO,EUR_HE0454,186.13021608999222
RO,EUR_HE0455,14884.817506117734
RO,EUR_HE0511,190.3934090597777
RO,EUR_HE0512,226.92867500793835
RO,EUR_HE0513,156.69796531533282
RO,EUR_HE0520,273.17942374347535
RO,EUR_HE053,287.6479116129561
RO,EUR_HE0540,168.0913491579059
RO,EUR_HE055,199.54154856624683
RO,EUR_HE0561,761.0590112802739
RO,EUR_HE0562,71.89045540350533
RO,EUR_HE061,1092.8707874058803
RO,EUR_HE062,203.1439727775572
RO,EUR_HE0630,203.1439727775572
RO,EUR_HE071,80.80477614217423
RO,EUR_HE0721,173.69644047902975
RO,EUR_HE0722,1387.0353600814205
RO,EUR_HE0723,121.49534058890443
RO,EUR_HE0724,138.6372539662829
RO,EUR_HE0731,518.1213333891686
RO,EUR_HE0732,103.07588248058399
RO,EUR_HE0733,700.0030255932655
RO,EUR_HE0734,411.3843003600525
RO,EUR_HE0735,75.54028813923743
RO,EUR_HE0736,123.68428251503616
RO,EUR_HE08,175.97515103337656
RO,EUR_HE091,148.20438443963064
RO,EUR_HE092,82.90415290285121
RO,EUR_HE093,121.17727635229748
RO,EUR_HE094,15.395048842390759
RO,EUR_HE095,210.62508316748261
RO,EUR_HE0960,237.3594007046378
RO,EUR_HE10,165.46591774657912
RO,EUR_HE111,204.91484584466028
RO,EUR_HE1120,204.91484584466028
RO,EUR_HE121,209.17367375647657
RO,EUR_HE1231,129.33407093606434
RO,EUR_HE1232,222.14034482704545
RO,EUR_HE1240,1.6876014347881805
RO,EUR_HE125,68.22255233795781
RO,EUR_HE1262,134.8563273051436
RO,EUR_HE1270,82.89170335553635
SE,EUR_HE0111,512.7282268305406
SE,EUR_HE0112,178.41634453141984
SE,EUR_HE0113,99.33926649674854
SE,EUR_HE0114,242.49389931493204
SE,EUR_HE0115,169.44193774228046
SE,EUR_HE0116,582.5672236529751
SE,EUR_HE0117,582.5672236529751
SE,EUR_HE0118,213.40071303395382
SE,EUR_HE0119,476.02270316831397
SE,EUR_HE012,337.71502835512626
SE,EUR_HE021,337.71502835512626
SE,EUR_HE0220,57.07008510936059
SE,EUR_HE031,364.89459310541713
SE,EUR_HE032,162.79018790336403
SE,EUR_HE041,1439.1981528234528
SE,EUR_HE042,1439.1981528234528
SE,EUR_HE043,374.13793964062916
SE,EUR_HE044,326.63335172125994
SE,EUR_HE0451,812.3606504862328
SE,EUR_HE0452,1036.6014526438553
SE,EUR_HE0453,174.61334826069321
SE,EUR_HE0454,396.6071075417984
SE,EUR_HE0455,10399.303946779739
SE,EUR_HE0511,461.24355481036486
SE,EUR_HE0512,485.43932917413326
SE,EUR_HE0513,397.9087631923898
SE,EUR_HE0520,511.245441045189
SE,EUR_HE053,611.9052205548606
SE,EUR_HE0540,293.6299411643223
SE,EUR_HE055,403.6107961265949
SE,EUR_HE0561,1188.3106075179187
SE,EUR_HE0562,410.8487247987481
SE,EUR_HE061,1687.1327533573995
SE,EUR_HE062,192.44497273590932
SE,EUR_HE0630,192.44497273590932
SE,EUR_HE071,301.80733594388533
SE,EUR_HE0721,379.1175087786448
SE,EUR_HE0722,1032.3467241275337
SE,EUR_HE0723,176.03288115232402
SE,EUR_HE0724,545.9081049231107
SE,EUR_HE0731,234.10059447254582
SE,EUR_HE0732,330.62327429725815
SE,EUR_HE0733,2415.854660267533
SE,EUR_HE0734,2250.531506680943
SE,EUR_HE0735,257.51865919923756
SE,EUR_HE0736,323.23888695452956
SE,EUR_HE08,344.523251054833
SE,EUR_HE091,358.76972118096955
SE,EUR_HE092,299.5129730694719
SE,EUR_HE093,270.45462687073433
SE,EUR_HE094,98.95156358466977
SE,EUR_HE095,213.31062660246167
SE,EUR_HE0960,775.1638538242614
SE,EUR_HE10,136.64854387752956
SE,EUR_HE111,820.3311238920676
SE,EUR_HE1120,820.3311238920676
SE,EUR_HE121,230.36751411238052
SE,EUR_HE1231,415.59266359743555
SE,EUR_HE1232,268.1556991299776
SE,EUR_HE1240,43.261623901458364
SE,EUR_HE125,111.89493613611026
SE,EUR_HE1262,142.21728535580345
SE,EUR_HE1270,190.52950993872477
SI,EUR_HE0111,103.22525095604252
SI,EUR_HE0112,33.974258468454096
SI,EUR_HE0113,15.911098839291277
SI,EUR_HE0114,29.892206220624363
SI,EUR_HE0115,22.586614335951126
SI,EUR_HE0116,154.83243374258876
SI,EUR_HE0117,154.83243374258876
SI,EUR_HE0118,32.66530375806346
SI,EUR_HE0119,101.2792424148097
SI,EUR_HE012,67.41197901928224
SI,EUR_HE021,67.41197901928224
SI,EUR_HE0220,22.764818039181588
SI,EUR_HE031,56.29952787753979
SI,EUR_HE032,40.02747707661491
SI,EUR_HE041,286.71234555225624
SI,EUR_HE042,286.71234555225624
SI,EUR_HE043,190.10407559858206
SI,EUR_HE044,54.25309593585847
SI,EUR_HE0451,136.83006681832885
SI,EUR_HE0452,1219.7564695194772
SI,EUR_HE0453,19.773160100065983
SI,EUR_HE0454,52.98292211323323
SI,EUR_HE0455,2825.414822765306
SI,EUR_HE0511,98.84717505160025
SI,EUR_HE0512,80.99353300681608
SI,EUR_HE0513,105.78475382833196
SI,EUR_HE0520,60.925126961194536
SI,EUR_HE053,82.23978524327322
SI,EUR_HE0540,55.862211337878534
SI,EUR_HE055,71.11924017652784
SI,EUR_HE0561,260.2844349894977
SI,EUR_HE0562,132.89156566389886
SI,EUR_HE061,386.85661187352457
SI,EUR_HE062,104.26918976046626
SI,EUR_HE0630,104.26918976046626
SI,EUR_HE071,33.831979200454825
SI,EUR_HE0721,61.756866588211466
SI,EUR_HE0722,246.88231733179268
SI,EUR_HE0723,32.93090003954478
SI,EUR_HE0724,149.8953132339551
SI,EUR_HE0731,53.99419865099962
SI,EUR_HE0732,54.02124426456452
SI,EUR_HE0733,227.56587329293035
SI,EUR_HE0734,112.85938993169762
SI,EUR_HE0735,47.78832859203552
SI,EUR_HE0736,75.36826228774842
SI,EUR_HE08,52.820032282169734
SI,EUR_HE091,53.67029330372793
SI,EUR_HE092,176.2362502108577
SI,EUR_HE093,60.97644287971602
SI,EUR_HE094,35.48217069799752
SI,EUR_HE095,105.41226490698926
SI,EUR_HE0960,84.64236283946171
SI,EUR_HE10,93.20560137062446
SI,EUR_HE111,77.63372838047478
SI,EUR_HE1120,77.63372838047478
SI,EUR_HE121,100.99721030462038
SI,EUR_HE1231,68.95292360630707
SI,EUR_HE1232,97.22288861089446
SI,EUR_HE1240,19.631910570750748
SI,EUR_HE125,47.91290825502466
SI,EUR_HE1262,53.15455884899804
SI,EUR_HE1270,90.74979180599654
SK,EUR_HE0111,171.30629583280668
SK,EUR_HE0112,52.80355313745463
SK,EUR_HE0113,26.21961922727427
SK,EUR_HE0114,82.43847310299097
SK,EUR_HE0115,60.49434796527248
SK,EUR_HE0116,260.88181838029146
SK,EUR_HE0117,260.88181838029146
SK,EUR_HE0118,77.26212429023896
SK,EUR_HE0119,167.09983151643524
SK,EUR_HE012,132.34456131998266
SK,EUR_HE021,132.34456131998266
SK,EUR_HE0220,20.10228538542797
SK,EUR_HE031,130.24906971677993
SK,EUR_HE032,89.9019250850732
SK,EUR_HE041,839.8740096414125
SK,EUR_HE042,839.8740096414125
SK,EUR_HE043,221.34483656093246
SK,EUR_HE044,228.60969126947106
SK,EUR_HE0451,266.06193508986297
SK,EUR_HE0452,10016.19715084698
SK,EUR_HE0453,37.91043766826527
SK,EUR_HE0454,140.73911131085146
SK,EUR_HE0455,6951.768261204288
SK,EUR_HE0511,137.99967228879422
SK,EUR_HE0512,132.69288067561513
SK,EUR_HE0513,208.7849530110177
SK,EUR_HE0520,129.96832085215235
SK,EUR_HE053,177.48574977450505
SK,EUR_HE0540,110.7320637969585
SK,EUR_HE055,132.3391207624846
SK,EUR_HE0561,416.06254742781204
SK,EUR_HE0562,92.95076366047742
SK,EUR_HE061,608.4761316728533
SK,EUR_HE062,190.28852620465256
SK,EUR_HE0630,190.28852620465256
SK,EUR_HE071,90.77106764749992
SK,EUR_HE0721,104.83940962153495
SK,EUR_HE0722,521.7648000798866
SK,EUR_HE0723,90.45640043300926
SK,EUR_HE0724,137.32101978753363
SK,EUR_HE0731,554.3479871404651
SK,EUR_HE0732,221.64738077580841
SK,EUR_HE0733,288.2149294295888
SK,EUR_HE0734,274.5860995518173
SK,EUR_HE0735,147.8099913225082
SK,EUR_HE0736,220.51472901845244
SK,EUR_HE08,150.97912604727694
SK,EUR_HE091,135.06517992693597
SK,EUR_HE092,172.42835073220675
SK,EUR_HE093,108.27246043825318
SK,EUR_HE094,118.16851075339277
SK,EUR_HE095,109.98648444094488
SK,EUR_HE0960,452.0773992541309
SK,EUR_HE10,718.6363157036945
SK,EUR_HE111,171.6837244189168
SK,EUR_HE1120,171.6837244189168
SK,EUR_HE121,187.49585064255882
SK,EUR_HE1231,129.03196291198824
SK,EUR_HE1232,113.66482350734603
SK,EUR_HE1240,21.995887958029694
SK,EUR_HE125,114.19212829182813
SK,EUR_HE1262,114.15721059808537
SK,EUR_HE1270,129.47839115618999
GB,EUR_HE0111,3428.9830525034886
GB,EUR_HE0112,1614.7993631913018
GB,EUR_HE0113,1904.908071769842
GB,EUR_HE0114,900.1191858744119
GB,EUR_HE0115,748.0653309073118
GB,EUR_HE0116,4743.6999840442295
GB,EUR_HE0117,4743.6999840442295
GB,EUR_HE0118,1079.4725999710427
GB,EUR_HE0119,3243.195071358313
GB,EUR_HE012,2722.434854253334
GB,EUR_HE021,2722.434854253334
GB,EUR_HE0220,657.6264843115587
GB,EUR_HE031,3553.584468164152
GB,EUR_HE032,2266.1235793163373
GB,EUR_HE041,4062.4267057477236
GB,EUR_HE042,4062.4267057477236
GB,EUR_HE043,3475.3588182303
GB,EUR_HE044,4414.222015497431
GB,EUR_HE0451,15756.618148022233
GB,EUR_HE0452,8909.403771464178
GB,EUR_HE0453,812.3773870324445
GB,EUR_HE0454,4048.742389461102
GB,EUR_HE0455,10032.585050621916
GB,EUR_HE0511,4664.55125582421
GB,EUR_HE0512,4258.1641432645165
GB,EUR_HE0513,3564.30454398853
GB,EUR_HE0520,3965.5325366262205
GB,EUR_HE053,2512.1534976386697
GB,EUR_HE0540,2218.1606138723564
GB,EUR_HE055,2294.4660360352073
GB,EUR_HE0561,11273.408277506825
GB,EUR_HE0562,2346.385204821884
GB,EUR_HE061,16294.673291655847
GB,EUR_HE062,2664.822817021524
GB,EUR_HE0630,2664.822817021524
GB,EUR_HE071,1630.873595081752
GB,EUR_HE0721,1933.3691971239946
GB,EUR_HE0722,7220.885825905985
GB,EUR_HE0723,1478.064295767234
GB,EUR_HE0724,2757.8826699347146
GB,EUR_HE0731,5161.719854498503
GB,EUR_HE0732,2905.239757299885
GB,EUR_HE0733,29807.252137342763
GB,EUR_HE0734,16202.941077495087
GB,EUR_HE0735,2984.1085453710584
GB,EUR_HE0736,3193.854625985684
GB,EUR_HE08,1288.6157802184723
GB,EUR_HE091,1451.6887331907205
GB,EUR_HE092,2460.061680284286
GB,EUR_HE093,2611.4873609758824
GB,EUR_HE094,909.5051454668633
GB,EUR_HE095,3284.279340113339
GB,EUR_HE0960,4444.184683078356
GB,EUR_HE10,2138.4192601839045
GB,EUR_HE111,7406.304842514752
GB,EUR_HE1120,7406.304842514752
GB,EUR_HE121,2600.346368686806
GB,EUR_HE1231,3159.59405184976
GB,EUR_HE1232,3409.6872453366286
GB,EUR_HE1240,586.3554081002927
GB,EUR_HE125,872.8423673996325
GB,EUR_HE1262,1449.1141644192505
GB,EUR_HE1270,1163.558059584096
US,EUR_HE0111,24549.15071273286
US,EUR_HE0112,11490.252554659015
US,EUR_HE0113,6227.505815334741
US,EUR_HE0114,26752.273829031215
US,EUR_HE0115,18403.674024237465
US,EUR_HE0116,16681.41418135036
US,EUR_HE0117,16681.41418135036
US,EUR_HE0118,21347.139144185476
US,EUR_HE0119,25016.194626945908
US,EUR_HE012,17865.2404585704
US,EUR_HE021,17865.2404585704
US,EUR_HE0220,13230.415717031457
US,EUR_HE031,26044.10059724559
US,EUR_HE032,16144.754259830646
US,EUR_HE041,21975.175232435708
US,EUR_HE042,21975.175232435708
US,EUR_HE043,20058.784399768007
US,EUR_HE044,10871.138172542189
US,EUR_HE0451,166541.14710053356
US,EUR_HE0452,86645.0789615424
US,EUR_HE0453,4202.910807876871
US,EUR_HE0454,23226.687306743435
US,EUR_HE0455,134322.23040267915
US,EUR_HE0511,43594.54815802868
US,EUR_HE0512,40447.422311659684
US,EUR_HE0513,31090.280652731715
US,EUR_HE0520,29171.09188039974
US,EUR_HE053,18229.13884590516
US,EUR_HE0540,15119.89819424551
US,EUR_HE055,14875.727796306031
US,EUR_HE0561,114626.79667990541
US,EUR_HE0562,5426.630959497055
US,EUR_HE061,167644.95304659577
US,EUR_HE062,19516.403283474283
US,EUR_HE0630,19516.403283474283
US,EUR_HE071,24311.067913789346
US,EUR_HE0721,13137.659502059418
US,EUR_HE0722,102850.6113364041
US,EUR_HE0723,6432.006073706578
US,EUR_HE0724,9194.667076385482
US,EUR_HE0731,28529.256941373387
US,EUR_HE0732,5876.8488270912285
US,EUR_HE0733,181614.0628450662
US,EUR_HE0734,54365.78614816827
US,EUR_HE0735,4419.45470659892
US,EUR_HE0736,9710.581704675898
US,EUR_HE08,12132.7929152106
US,EUR_HE091,10290.097347210543
US,EUR_HE092,13621.570152809887
US,EUR_HE093,22968.689948734682
US,EUR_HE094,6355.18733428704
US,EUR_HE095,11568.095501440415
US,EUR_HE0960,13948.7583143263
US,EUR_HE10,22661.433948060552
US,EUR_HE111,13670.340501230201
US,EUR_HE1120,13670.340501230201
US,EUR_HE121,19205.249528115346
US,EUR_HE1231,28062.554051899497
US,EUR_HE1232,14808.527858804991
US,EUR_HE1240,1593.7120990407466
US,EUR_HE125,19843.54135584981
US,EUR_HE1262,8933.586142354063
US,EUR_HE1270,13563.345721443411
JP,EUR_HE0111,10646.05540170179
JP,EUR_HE0112,3828.0717337884375
JP,EUR_HE0113,4905.804637434867
JP,EUR_HE0114,2015.5179397783925
JP,EUR_HE0115,1606.951537396581
JP,EUR_HE0116,5975.802408586324
JP,EUR_HE0117,5975.802408586324
JP,EUR_HE0118,3313.94288276761
JP,EUR_HE0119,10891.038765754629
JP,EUR_HE012,7238.851491466257
JP,EUR_HE021,7238.851491466257
JP,EUR_HE0220,6827.202108481857
JP,EUR_HE031,6948.645162973757
JP,EUR_HE032,4469.416670647837
JP,EUR_HE041,3381.0991935077554
JP,EUR_HE042,3381.0991935077554
JP,EUR_HE043,5434.245379037153
JP,EUR_HE044,2293.622388571817
JP,EUR_HE0451,36545.56671086026
JP,EUR_HE0452,14864.863581989175
JP,EUR_HE0453,1662.0779339174876
JP,EUR_HE0454,5266.584843288891
JP,EUR_HE0455,11688.489156788339
JP,EUR_HE0511,4435.191875858762
JP,EUR_HE0512,6122.672525973331
JP,EUR_HE0513,3676.0949876994155
JP,EUR_HE0520,7788.125976184154
JP,EUR_HE053,4650.273555277078
JP,EUR_HE0540,3034.7591841185463
JP,EUR_HE055,5219.500040139048
JP,EUR_HE0561,29934.933353210097
JP,EUR_HE0562,1991.2011923181494
JP,EUR_HE061,45387.21956664853
JP,EUR_HE062,24350.93499177247
JP,EUR_HE0630,24350.93499177247
JP,EUR_HE071,2383.4511566985902
JP,EUR_HE0721,2434.8252073305525
JP,EUR_HE0722,22601.14326605864
JP,EUR_HE0723,1635.590001624083
JP,EUR_HE0724,1535.3290944412752
JP,EUR_HE0731,1626.633003987654
JP,EUR_HE0732,903.7700694833986
JP,EUR_HE0733,28238.520742651956
JP,EUR_HE0734,31216.88079011613
JP,EUR_HE0735,612.7893977177591
JP,EUR_HE0736,878.3356768328545
JP,EUR_HE08,1478.110962301919
JP,EUR_HE091,2176.3993937448527
JP,EUR_HE092,1930.2351204812783
JP,EUR_HE093,2958.7342776044807
JP,EUR_HE094,1203.6318858007846
JP,EUR_HE095,3933.3795754979424
JP,EUR_HE0960,2713.047120660467
JP,EUR_HE10,4865.071074018137
JP,EUR_HE111,2952.279688786492
JP,EUR_HE1120,2952.279688786492
JP,EUR_HE121,22376.30027843123
JP,EUR_HE1231,3162.572675962914
JP,EUR_HE1232,4642.977231335029
JP,EUR_HE1240,2817.7963880246602
JP,EUR_HE125,2816.2344009867297
JP,EUR_HE1262,1837.1464365024667
JP,EUR_HE1270,3343.4994562823026
CN,EUR_HE0111,6300.238705813892
CN,EUR_HE0112,1796.5112492029366
CN,EUR_HE0113,4996.301164198114
CN,EUR_HE0114,2107.227105113546
CN,EUR_HE0115,2226.4924437386635
CN,EUR_HE0116,96992.06116727987
CN,EUR_HE0117,96992.06116727987
CN,EUR_HE0118,1806.387819388632
CN,EUR_HE0119,4553.62173080028
CN,EUR_HE012,2827.1368631713012
CN,EUR_HE021,2827.1368631713012
CN,EUR_HE0220,80417.45298780383
CN,EUR_HE031,13631.544818849918
CN,EUR_HE032,7140.726322553506
CN,EUR_HE041,6433.084076810322
CN,EUR_HE042,6433.084076810322
CN,EUR_HE043,31982.29423931944
CN,EUR_HE044,18163.748626710716
CN,EUR_HE0451,157140.9227250487
CN,EUR_HE0452,24998.579812016163
CN,EUR_HE0453,2463.8067677787353
CN,EUR_HE0454,7028.70680707084
CN,EUR_HE0455,284993.1873372839
CN,EUR_HE0511,13350.543993929914
CN,EUR_HE0512,18409.010855773988
CN,EUR_HE0513,10696.50432992597
CN,EUR_HE0520,18979.540760276424
CN,EUR_HE053,49128.59871164016
CN,EUR_HE0540,23536.04464136023
CN,EUR_HE055,73348.69487493434
CN,EUR_HE0561,210910.30891419464
CN,EUR_HE0562,3889.2111895531675
CN,EUR_HE061,326273.7138970396
CN,EUR_HE062,29134.15395441681
CN,EUR_HE0630,29134.15395441681
CN,EUR_HE071,14565.621917584434
CN,EUR_HE0721,3643.4848589428057
CN,EUR_HE0722,46428.464396402516
CN,EUR_HE0723,8680.874310886238
CN,EUR_HE0724,5473.8886129880975
CN,EUR_HE0731,34735.46783322017
CN,EUR_HE0732,5863.623076308983
CN,EUR_HE0733,49109.6980527805
CN,EUR_HE0734,83975.36899668064
CN,EUR_HE0735,5990.05369619744
CN,EUR_HE0736,6001.056497648898
CN,EUR_HE08,1857.9535358034736
CN,EUR_HE091,6847.013618565615
CN,EUR_HE092,4579.829823293465
CN,EUR_HE093,8883.611055209334
CN,EUR_HE094,5356.486082936644
CN,EUR_HE095,2618.0419317462297
CN,EUR_HE0960,5701.577036296892
CN,EUR_HE10,25485.281151318028
CN,EUR_HE111,6528.511156966944
CN,EUR_HE1120,6528.511156966944
CN,EUR_HE121,30312.45205818747
CN,EUR_HE1231,8355.001536066902
CN,EUR_HE1232,5629.934286750287
CN,EUR_HE1240,3494.44265761448
CN,EUR_HE125,7569.913027689003
CN,EUR_HE1262,7127.759332586079
CN,EUR_HE1270,6130.48139917215
CA,EUR_HE0111,2053.5949348164345
CA,EUR_HE0112,849.7440415504564
CA,EUR_HE0113,494.5998768705759
CA,EUR_HE0114,751.3116402469041
CA,EUR_HE0115,563.1734847757546
CA,EUR_HE0116,3956.0813925809603
CA,EUR_HE0117,3956.0813925809603
CA,EUR_HE0118,787.223273515652
CA,EUR_HE0119,1989.4320288035692
CA,EUR_HE012,1642.638371123436
CA,EUR_HE021,1642.638371123436
CA,EUR_HE0220,312.8911053586402
CA,EUR_HE031,1565.6912897843586
CA,EUR_HE032,701.1103004831474
CA,EUR_HE041,10989.140331825378
CA,EUR_HE042,10989.140331825378
CA,EUR_HE043,3859.705392603005
CA,EUR_HE044,2480.0432285109637
CA,EUR_HE0451,9053.70251965752
CA,EUR_HE0452,14253.3812232398
CA,EUR_HE0453,494.34660410071234
CA,EUR_HE0454,3079.6284487052644
CA,EUR_HE0455,4637.138261574361
CA,EUR_HE0511,4016.2553741953525
CA,EUR_HE0512,3397.262788265015
CA,EUR_HE0513,4173.688068127264
CA,EUR_HE0520,2240.884630545842
CA,EUR_HE053,2035.628895794683
CA,EUR_HE0540,2058.8521855671297
CA,EUR_HE055,2632.911912100808
CA,EUR_HE0561,9649.480789021314
CA,EUR_HE0562,953.9480141766228
CA,EUR_HE061,14063.091853866057
CA,EUR_HE062,2415.391390594599
CA,EUR_HE0630,2415.391390594599
CA,EUR_HE071,3068.340042349131
CA,EUR_HE0721,1181.6138489508892
CA,EUR_HE0722,9349.377161415878
CA,EUR_HE0723,3184.3129664162957
CA,EUR_HE0724,1790.6264945715343
CA,EUR_HE0731,10529.135673883531
CA,EUR_HE0732,7658.580398318144
CA,EUR_HE0733,16518.368358200198
CA,EUR_HE0734,7588.957955229831
CA,EUR_HE0735,8611.270171707152
CA,EUR_HE0736,8625.722378438448
CA,EUR_HE08,831.8993908927507
CA,EUR_HE091,1355.7411707370597
CA,EUR_HE092,2210.004873470924
CA,EUR_HE093,2435.6233832150874
CA,EUR_HE094,1450.300562928213
CA,EUR_HE095,1900.9235934088463
CA,EUR_HE0960,3897.408380100384
CA,EUR_HE10,3180.5593532224802
CA,EUR_HE111,6339.758713798694
CA,EUR_HE1120,6339.758713798694
CA,EUR_HE121,2357.5424333089777
CA,EUR_HE1231,2518.8990660479717
CA,EUR_HE1232,1963.5050267776974
CA,EUR_HE1240,228.04519638305183
CA,EUR_HE125,2808.494268755312
CA,EUR_HE1262,1010.880265168563
CA,EUR_HE1270,2400.4907421342486
KR,EUR_HE0111,2081.9370340999176
KR,EUR_HE0112,672.6480353786827
KR,EUR_HE0113,688.2204467377597
KR,EUR_HE0114,1184.0926722344411
KR,EUR_HE0115,973.1154088778451
KR,EUR_HE0116,4037.7148242548847
KR,EUR_HE0117,4037.7148242548847
KR,EUR_HE0118,1118.0620123261322
KR,EUR_HE0119,1679.4723009777317
KR,EUR_HE012,1173.7104897634517
KR,EUR_HE021,1173.7104897634517
KR,EUR_HE0220,1064.7793928158346
KR,EUR_HE031,1677.9719198399885
KR,EUR_HE032,510.77394480026027
KR,EUR_HE041,2320.134818614063
KR,EUR_HE042,2320.134818614063
KR,EUR_HE043,3479.9580720883423
KR,EUR_HE044,599.3186258545778
KR,EUR_HE0451,15334.485346967782
KR,EUR_HE0452,6531.088901190219
KR,EUR_HE0453,747.7174034944452
KR,EUR_HE0454,1709.0099664749257
KR,EUR_HE0455,11421.297168015366
KR,EUR_HE0511,2003.904030837185
KR,EUR_HE0512,2404.241856234837
KR,EUR_HE0513,1634.3405328121348
KR,EUR_HE0520,2825.976660719095
KR,EUR_HE053,1985.5745801699977
KR,EUR_HE0540,1436.0824443335537
KR,EUR_HE055,4762.244621661484
KR,EUR_HE0561,9088.927497239032
KR,EUR_HE0562,522.9931043989114
KR,EUR_HE061,13359.152016963913
KR,EUR_HE062,3047.183367857508
KR,EUR_HE0630,3047.183367857508
KR,EUR_HE071,1157.6503810580416
KR,EUR_HE0721,955.4377452829742
KR,EUR_HE0722,5060.31274456489
KR,EUR_HE0723,1329.4935649155416
KR,EUR_HE0724,828.8605844710257
KR,EUR_HE0731,1017.0078040471101
KR,EUR_HE0732,454.56557398791415
KR,EUR_HE0733,17219.070302999207
KR,EUR_HE0734,7707.658511490939
KR,EUR_HE0735,334.29265752385214
KR,EUR_HE0736,464.0313159552167
KR,EUR_HE08,811.2157150775107
KR,EUR_HE091,883.9769632606133
KR,EUR_HE092,1031.398221869535
KR,EUR_HE093,1351.581542500645
KR,EUR_HE094,672.1901891523004
KR,EUR_HE095,810.9788058299158
KR,EUR_HE0960,1975.0052940533014
KR,EUR_HE10,3610.4179017239762
KR,EUR_HE111,3226.2981126532372
KR,EUR_HE1120,3226.2981126532372
KR,EUR_HE121,2919.676538104912
KR,EUR_HE1231,1442.3165388682621
KR,EUR_HE1232,1181.9079424630231
KR,EUR_HE1240,243.08537988675198
KR,EUR_HE125,1276.5738371414454
KR,EUR_HE1262,724.0989181252496
KR,EUR_HE1270,1070.2143152006693
BR,EUR_HE0111,4789.244133402295
BR,EUR_HE0112,5691.84900857504
BR,EUR_HE0113,358.94180338050126
BR,EUR_HE0114,9531.31892379509
BR,EUR_HE0115,5964.181551830184
BR,EUR_HE0116,4454.296127858562
BR,EUR_HE0117,4454.296127858562
BR,EUR_HE0118,6410.902135137739
BR,EUR_HE0119,4756.171975581448
BR,EUR_HE012,2838.6855959232807
BR,EUR_HE021,2838.6855959232807
BR,EUR_HE0220,353.5125284339397
BR,EUR_HE031,1170.3436527303245
BR,EUR_HE032,634.1702067750513
BR,EUR_HE041,2149.404166630754
BR,EUR_HE042,2149.404166630754
BR,EUR_HE043,1685.6845359472877
BR,EUR_HE044,5886.4194236570775
BR,EUR_HE0451,3918.9866382680584
BR,EUR_HE0452,6953.842894647084
BR,EUR_HE0453,663.1211567336785
BR,EUR_HE0454,812.4424271441188
BR,EUR_HE0455,3580.920475552445
BR,EUR_HE0511,5272.066846563117
BR,EUR_HE0512,3596.418276785643
BR,EUR_HE0513,4193.163116478779
BR,EUR_HE0520,1481.6683020918929
BR,EUR_HE053,1939.3599319872578
BR,EUR_HE0540,2968.144807210599
BR,EUR_HE055,4337.773537512872
BR,EUR_HE0561,13159.550431470323
BR,EUR_HE0562,569.5846987128001
BR,EUR_HE061,19768.43124063425
BR,EUR_HE062,1837.5308995330852
BR,EUR_HE0630,1837.5308995330852
BR,EUR_HE071,1369.1762716187222
BR,EUR_HE0721,755.0900973321077
BR,EUR_HE0722,8980.843460578431
BR,EUR_HE0723,449.6192863602846
BR,EUR_HE0724,866.2983200047755
BR,EUR_HE0731,4697.889188141723
BR,EUR_HE0732,1226.6778260812398
BR,EUR_HE0733,15385.42607956498
BR,EUR_HE0734,8531.203429202667
BR,EUR_HE0735,1295.5503905974651
BR,EUR_HE0736,2029.493757920219
BR,EUR_HE08,428.41095684780805
BR,EUR_HE091,814.51269283739
BR,EUR_HE092,1219.0665077694978
BR,EUR_HE093,2700.4982622896746
BR,EUR_HE094,132.3849576978952
BR,EUR_HE095,942.8000568625399
BR,EUR_HE0960,1076.971041555696
BR,EUR_HE10,288.37756074710614
BR,EUR_HE111,1435.8067890104533
BR,EUR_HE1120,1435.8067890104533
BR,EUR_HE121,1823.842821834085
BR,EUR_HE1231,3170.6357362483272
BR,EUR_HE1232,1041.9971515278917
BR,EUR_HE1240,10.880383073562577
BR,EUR_HE125,1217.7617862232933
BR,EUR_HE1262,297.3787845823949
BR,EUR_HE1270,654.4312157038645
IN,EUR_HE0111,4162.376076286638
IN,EUR_HE0112,540.0497462414987
IN,EUR_HE0113,627.0056614495542
IN,EUR_HE0114,1567.7562158335945
IN,EUR_HE0115,1765.0604684113996
IN,EUR_HE0116,54854.500627882204
IN,EUR_HE0117,54854.500627882204
IN,EUR_HE0118,542.7275805645651
IN,EUR_HE0119,1827.332899357711
IN,EUR_HE012,1602.0424177312166
IN,EUR_HE021,1602.0424177312166
IN,EUR_HE0220,1451.1787340725612
IN,EUR_HE031,8866.751258028551
IN,EUR_HE032,2808.331243050694
IN,EUR_HE041,418.2275865986961
IN,EUR_HE042,418.2275865986961
IN,EUR_HE043,12431.592440613778
IN,EUR_HE044,636.297328201336
IN,EUR_HE0451,50141.12253289772
IN,EUR_HE0452,7858.873788058301
IN,EUR_HE0453,1396.3457812375466
IN,EUR_HE0454,5505.756010172396
IN,EUR_HE0455,7321.6197229333475
IN,EUR_HE0511,13322.82981396837
IN,EUR_HE0512,13172.741281036502
IN,EUR_HE0513,10046.934426776159
IN,EUR_HE0520,13861.226556335889
IN,EUR_HE053,22922.836292479125
IN,EUR_HE0540,7525.969702727295
IN,EUR_HE055,6041.384814270669
IN,EUR_HE0561,25348.506898481573
IN,EUR_HE0562,492.15800563380844
IN,EUR_HE061,35188.134089493375
IN,EUR_HE062,734.6592871178314
IN,EUR_HE0630,734.6592871178314
IN,EUR_HE071,3608.4773469551574
IN,EUR_HE0721,1949.6677656424097
IN,EUR_HE0722,7312.445313214388
IN,EUR_HE0723,4659.863454152846
IN,EUR_HE0724,2237.587404525632
IN,EUR_HE0731,15078.607046418356
IN,EUR_HE0732,7289.764429862835
IN,EUR_HE0733,11628.923361226987
IN,EUR_HE0734,7487.239757663549
IN,EUR_HE0735,8309.192201464992
IN,EUR_HE0736,7470.776736556987
IN,EUR_HE08,983.0610431883774
IN,EUR_HE091,2755.6863384228272
IN,EUR_HE092,1652.7660698103768
IN,EUR_HE093,6922.862147606594
IN,EUR_HE094,108.61546171723614
IN,EUR_HE095,2570.5002188782937
IN,EUR_HE0960,6232.553033455391
IN,EUR_HE10,174.04722590080843
IN,EUR_HE111,13272.226299417629
IN,EUR_HE1120,13272.226299417629
IN,EUR_HE121,1934.7088591036409
IN,EUR_HE1231,8580.068557006369
IN,EUR_HE1232,4648.943807367455
IN,EUR_HE1240,215.10339937270527
IN,EUR_HE125,676.4372942326243
IN,EUR_HE1262,746.8838209086721
IN,EUR_HE1270,404.58934554809514
MX,EUR_HE0111,2317.52644757134
MX,EUR_HE0112,838.1365042469413
MX,EUR_HE0113,3578.7042219887535
MX,EUR_HE0114,747.5988311457356
MX,EUR_HE0115,616.3528098665472
MX,EUR_HE0116,1929.2240770937756
MX,EUR_HE0117,1929.2240770937756
MX,EUR_HE0118,840.9254227699257
MX,EUR_HE0119,2334.225015052811
MX,EUR_HE012,1559.7904860092508
MX,EUR_HE021,1559.7904860092508
MX,EUR_HE0220,191.12916453667322
MX,EUR_HE031,2475.4216752532966
MX,EUR_HE032,2474.151575455664
MX,EUR_HE041,541.0210965704742
MX,EUR_HE042,541.0210965704742
MX,EUR_HE043,3324.8209459096856
MX,EUR_HE044,3895.0646533329177
MX,EUR_HE0451,10848.149567263532
MX,EUR_HE0452,12945.52419181622
MX,EUR_HE0453,1606.3576299753809
MX,EUR_HE0454,5021.675814559046
MX,EUR_HE0455,2634.970167083764
MX,EUR_HE0511,2493.966506194389
MX,EUR_HE0512,2223.8224374944057
MX,EUR_HE0513,1971.621877789031
MX,EUR_HE0520,1615.972285890634
MX,EUR_HE053,1180.6342028924296
MX,EUR_HE0540,2222.293860618054
MX,EUR_HE055,999.1982167551283
MX,EUR_HE0561,9960.4054117328
MX,EUR_HE0562,1788.5043474289605
MX,EUR_HE061,15011.74100469187
MX,EUR_HE062,641.1082943540493
MX,EUR_HE0630,641.1082943540493
MX,EUR_HE071,2215.4229677280036
MX,EUR_HE0721,701.7792709497602
MX,EUR_HE0722,12256.966898122071
MX,EUR_HE0723,430.24998287868095
MX,EUR_HE0724,1960.7539823823417
MX,EUR_HE0731,1435.5105845649298
MX,EUR_HE0732,237.15245872993205
MX,EUR_HE0733,5721.071049212175
MX,EUR_HE0734,2595.8224492262884
MX,EUR_HE0735,185.7227800801709
MX,EUR_HE0736,255.17390190067468
MX,EUR_HE08,339.3687202225216
MX,EUR_HE091,568.8836730384271
MX,EUR_HE092,426.9305031133763
MX,EUR_HE093,1458.2140289982378
MX,EUR_HE094,72.99330896597762
MX,EUR_HE095,856.7884664934512
MX,EUR_HE0960,512.1873400252913
MX,EUR_HE10,728.5735406834432
MX,EUR_HE111,487.725158399728
MX,EUR_HE1120,487.725158399728
MX,EUR_HE121,682.139743018547
MX,EUR_HE1231,1520.4845082559764
MX,EUR_HE1232,996.5421630006422
MX,EUR_HE1240,11.041067819906022
MX,EUR_HE125,950.8625333275575
MX,EUR_HE1262,247.02267658182885
MX,EUR_HE1270,430.69741876059487
RU,EUR_HE0111,3532.476165631379
RU,EUR_HE0112,1303.4569973212488
RU,EUR_HE0113,1869.7116200837222
RU,EUR_HE0114,1425.8345794219708
RU,EUR_HE0115,823.6768920312538
RU,EUR_HE0116,14958.214967531876
RU,EUR_HE0117,14958.214967531876
RU,EUR_HE0118,1194.3755850553096
RU,EUR_HE0119,3387.349211039507
RU,EUR_HE012,2494.1932758043768
RU,EUR_HE021,2494.1932758043768
RU,EUR_HE0220,831.2555894901813
RU,EUR_HE031,1451.6871507329206
RU,EUR_HE032,1031.1969076240644
RU,EUR_HE041,7450.734812080565
RU,EUR_HE042,7450.734812080565
RU,EUR_HE043,3042.1508079199048
RU,EUR_HE044,8896.777273602393
RU,EUR_HE0451,3876.5504718629236
RU,EUR_HE0452,23676.4421204472
RU,EUR_HE0453,1199.3624540733476
RU,EUR_HE0454,1931.1321511907156
RU,EUR_HE0455,373990.09802726924
RU,EUR_HE0511,2397.252966737245
RU,EUR_HE0512,2195.3927443030043
RU,EUR_HE0513,3324.4751938375116
RU,EUR_HE0520,1834.7251447566423
RU,EUR_HE053,6210.807016627333
RU,EUR_HE0540,2855.551742626896
RU,EUR_HE055,3810.8754872474597
RU,EUR_HE0561,14028.737583709179
RU,EUR_HE0562,295.34242412820265
RU,EUR_HE061,21846.460138074304
RU,EUR_HE062,5228.770322706674
RU,EUR_HE0630,5228.770322706674
RU,EUR_HE071,3119.6779008123467
RU,EUR_HE0721,1440.2990442260434
RU,EUR_HE0722,9893.207842585849
RU,EUR_HE0723,2239.1644540085845
RU,EUR_HE0724,1408.8963806238867
RU,EUR_HE0731,4683.3045194745255
RU,EUR_HE0732,4970.1984644101585
RU,EUR_HE0733,14649.333123792654
RU,EUR_HE0734,5798.079442428427
RU,EUR_HE0735,5516.409092192803
RU,EUR_HE0736,5769.136120266095
RU,EUR_HE08,1531.9821663715127
RU,EUR_HE091,2275.8732207061485
RU,EUR_HE092,32127.30454015861
RU,EUR_HE093,13925.315431593874
RU,EUR_HE094,34132.69606324111
RU,EUR_HE095,788.911124192608
RU,EUR_HE0960,2508.478979411232
RU,EUR_HE10,6583.074474641097
RU,EUR_HE111,3453.3687029315047
RU,EUR_HE1120,3453.3687029315047
RU,EUR_HE121,5286.3189727982
RU,EUR_HE1231,2495.0969985234287
RU,EUR_HE1232,981.4288932737824
RU,EUR_HE1240,12.481287683558154
RU,EUR_HE125,1613.162115048632
RU,EUR_HE1262,935.6211923479083
RU,EUR_HE1270,2147.902596790463
AU,EUR_HE0111,1724.6195387674807
AU,EUR_HE0112,600.9209364363508
AU,EUR_HE0113,902.3085681379355
AU,EUR_HE0114,660.3229544265671
AU,EUR_HE0115,460.52042284416854
AU,EUR_HE0116,5997.727998465964
AU,EUR_HE0117,5997.727998465964
AU,EUR_HE0118,681.5569861609729
AU,EUR_HE0119,1683.9072305203265
AU,EUR_HE012,1361.5100054408244
AU,EUR_HE021,1361.5100054408244
AU,EUR_HE0220,577.5747957589521
AU,EUR_HE031,869.8018795591232
AU,EUR_HE032,358.0760756182017
AU,EUR_HE041,5142.9237336570295
AU,EUR_HE042,5142.9237336570295
AU,EUR_HE043,5283.6926631064
AU,EUR_HE044,1471.84151720557
AU,EUR_HE0451,13594.828885621973
AU,EUR_HE0452,8354.311817148218
AU,EUR_HE0453,273.4793243433328
AU,EUR_HE0454,1398.568361622823
AU,EUR_HE0455,4457.0082436317425
AU,EUR_HE0511,1229.5935515018539
AU,EUR_HE0512,1328.243354884015
AU,EUR_HE0513,1109.3847177432065
AU,EUR_HE0520,1353.367069000983
AU,EUR_HE053,1679.660148073319
AU,EUR_HE0540,988.1661448655484
AU,EUR_HE055,2076.5449268965876
AU,EUR_HE0561,6472.17826164862
AU,EUR_HE0562,1324.920180606721
AU,EUR_HE061,9732.480716606631
AU,EUR_HE062,636.4119222246267
AU,EUR_HE0630,636.4119222246267
AU,EUR_HE071,1306.3676487862692
AU,EUR_HE0721,1176.1858921530816
AU,EUR_HE0722,6372.578936232329
AU,EUR_HE0723,506.4861377562602
AU,EUR_HE0724,1592.12167450764
AU,EUR_HE0731,2643.501066176354
AU,EUR_HE0732,1725.377981288079
AU,EUR_HE0733,14479.342358351425
AU,EUR_HE0734,7467.591750301842
AU,EUR_HE0735,1748.9490589121754
AU,EUR_HE0736,1655.7061579952988
AU,EUR_HE08,987.2687340512056
AU,EUR_HE091,967.378243621549
AU,EUR_HE092,1078.0982719367364
AU,EUR_HE093,720.4934206909895
AU,EUR_HE094,210.33141376486077
AU,EUR_HE095,1399.981388643227
AU,EUR_HE0960,3543.255847473589
AU,EUR_HE10,352.23038321356626
AU,EUR_HE111,6454.0340240645
AU,EUR_HE1120,6454.0340240645
AU,EUR_HE121,726.9422299537887
AU,EUR_HE1231,971.1748951578599
AU,EUR_HE1232,1391.4004319450944
AU,EUR_HE1240,19.832588431318406
AU,EUR_HE125,371.8622612954575
AU,EUR_HE1262,446.5938672466523
AU,EUR_HE1270,615.7086008114671
CH,EUR_HE0111,518.7192639744154
CH,EUR_HE0112,156.44042814984817
CH,EUR_HE0113,90.88662681028039
CH,EUR_HE0114,126.76928741240405
CH,EUR_HE0115,89.53072365436938
CH,EUR_HE0116,1023.8051071895036
CH,EUR_HE0117,1023.8051071895036
CH,EUR_HE0118,147.9607298453079
CH,EUR_HE0119,513.2531962060212
CH,EUR_HE012,347.8691493049214
CH,EUR_HE021,347.8691493049214
CH,EUR_HE0220,140.14853357431926
CH,EUR_HE031,322.5631392781954
CH,EUR_HE032,171.2798052392378
CH,EUR_HE041,874.1384873232915
CH,EUR_HE042,874.1384873232915
CH,EUR_HE043,496.17574708924593
CH,EUR_HE044,416.6794488535775
CH,EUR_HE0451,954.8815540624214
CH,EUR_HE0452,1648.3343013460446
CH,EUR_HE0453,231.7826968879545
CH,EUR_HE0454,1001.5131169059097
CH,EUR_HE0455,2566.2728657408447
CH,EUR_HE0511,2575.736602422139
CH,EUR_HE0512,1551.5247850500064
CH,EUR_HE0513,1879.0378888127511
CH,EUR_HE0520,417.14959878707225
CH,EUR_HE053,553.7137105095939
CH,EUR_HE0540,724.602044595283
CH,EUR_HE055,690.0466636293185
CH,EUR_HE0561,2172.028730041342
CH,EUR_HE0562,359.6119863891391
CH,EUR_HE061,3147.010974994744
CH,EUR_HE062,429.2152906993778
CH,EUR_HE0630,429.2152906993778
CH,EUR_HE071,169.92666893918314
CH,EUR_HE0721,240.78739176214935
CH,EUR_HE0722,1642.0742995126268
CH,EUR_HE0723,256.82762180749967
CH,EUR_HE0724,467.71411658650277
CH,EUR_HE0731,544.5741378035243
CH,EUR_HE0732,378.22517066825924
CH,EUR_HE0733,4232.76062671025
CH,EUR_HE0734,3466.0253054992572
CH,EUR_HE0735,267.52977083773675
CH,EUR_HE0736,387.05336551009486
CH,EUR_HE08,240.29944534948635
CH,EUR_HE091,251.25331357243655
CH,EUR_HE092,730.7107255412532
CH,EUR_HE093,1305.143765025583
CH,EUR_HE094,323.2763648691654
CH,EUR_HE095,318.65852757185706
CH,EUR_HE0960,961.1081895757347
CH,EUR_HE10,562.9275929022867
CH,EUR_HE111,894.8947172706808
CH,EUR_HE1120,894.8947172706808
CH,EUR_HE121,443.08642803728003
CH,EUR_HE1231,1632.9110480427596
CH,EUR_HE1232,336.7891711967553
CH,EUR_HE1240,23.977493482978804
CH,EUR_HE125,479.7086971131684
CH,EUR_HE1262,309.1532905548935
CH,EUR_HE1270,337.8713722289476
TR,EUR_HE0111,9796.497410233273
TR,EUR_HE0112,2345.8896478181714
TR,EUR_HE0113,1205.9609316136846
TR,EUR_HE0114,445.80512110689676
TR,EUR_HE0115,428.05490004727847
TR,EUR_HE0116,10494.582815766025
TR,EUR_HE0117,10494.582815766025
TR,EUR_HE0118,1997.6990785304808
TR,EUR_HE0119,9943.247908252566
TR,EUR_HE012,5680.051827434418
TR,EUR_HE021,5680.051827434418
TR,EUR_HE0220,430.56436761759784
TR,EUR_HE031,2853.781324269552
TR,EUR_HE032,907.5695341436171
TR,EUR_HE041,2437.014597501609
TR,EUR_HE042,2437.014597501609
TR,EUR_HE043,3147.803787327035
TR,EUR_HE044,2768.19003952337
TR,EUR_HE0451,8631.346186570174
TR,EUR_HE0452,3248.3124153957315
TR,EUR_HE0453,989.3863071219971
TR,EUR_HE0454,1328.8399602850786
TR,EUR_HE0455,5020.285005628584
TR,EUR_HE0511,5718.462212952054
TR,EUR_HE0512,4826.114228961079
TR,EUR_HE0513,4086.6328308775073
TR,EUR_HE0520,4359.1680797436
TR,EUR_HE053,1256.135476839022
TR,EUR_HE0540,3553.6406493001373
TR,EUR_HE055,1754.7844899565084
TR,EUR_HE0561,8075.321902817513
TR,EUR_HE0562,220.07621215829354
TR,EUR_HE061,10339.270230441793
TR,EUR_HE062,316.54918600980557
TR,EUR_HE0630,316.54918600980557
TR,EUR_HE071,551.4249807821695
TR,EUR_HE0721,365.1641751879324
TR,EUR_HE0722,3044.1415630035085
TR,EUR_HE0723,842.562617732272
TR,EUR_HE0724,1060.826542392118
TR,EUR_HE0731,775.8327045903742
TR,EUR_HE0732,570.9001047970262
TR,EUR_HE0733,5253.331607253925
TR,EUR_HE0734,7021.319258201865
TR,EUR_HE0735,440.8155945583822
TR,EUR_HE0736,585.1686990485846
TR,EUR_HE08,343.3790288427247
TR,EUR_HE091,363.13676823819816
TR,EUR_HE092,858.6497809370236
TR,EUR_HE093,2802.8142240618254
TR,EUR_HE094,213.83528622639676
TR,EUR_HE095,199.2235544476643
TR,EUR_HE0960,1043.1974479339615
TR,EUR_HE10,486.4145320063118
TR,EUR_HE111,648.1499354566547
TR,EUR_HE1120,648.1499354566547
TR,EUR_HE121,376.0640083038062
TR,EUR_HE1231,3392.788470557381
TR,EUR_HE1232,965.0033429797488
TR,EUR_HE1240,22.149507746012926
TR,EUR_HE125,348.1457477997484
TR,EUR_HE1262,497.1965438076364
TR,EUR_HE1270,244.99476906847835
TW,EUR_HE0111,548.941185350802
TW,EUR_HE0112,253.93193903274027
TW,EUR_HE0113,491.65310990425075
TW,EUR_HE0114,343.6690477088135
TW,EUR_HE0115,379.09370199743233
TW,EUR_HE0116,2410.1120780221327
TW,EUR_HE0117,2410.1120780221327
TW,EUR_HE0118,301.5162508924135
TW,EUR_HE0119,505.2427996963919
TW,EUR_HE012,501.234686650486
TW,EUR_HE021,501.234686650486
TW,EUR_HE0220,240.30840501698728
TW,EUR_HE031,216.8869602658111
TW,EUR_HE032,72.80952159754287
TW,EUR_HE041,1137.6672397026298
TW,EUR_HE042,1137.6672397026298
TW,EUR_HE043,419.8115534885932
TW,EUR_HE044,304.44684489132777
TW,EUR_HE0451,5845.3737049600295
TW,EUR_HE0452,2202.8934936161418
TW,EUR_HE0453,396.53290188342714
TW,EUR_HE0454,459.26554644924676
TW,EUR_HE0455,1932.7445844619467
TW,EUR_HE0511,167.51653486251186
TW,EUR_HE0512,290.5004253187765
TW,EUR_HE0513,162.7227868902124
TW,EUR_HE0520,365.0901003069241
TW,EUR_HE053,703.1012828101567
TW,EUR_HE0540,221.86788824084388
TW,EUR_HE055,998.2096164414833
TW,EUR_HE0561,2231.447254935482
TW,EUR_HE0562,241.3145368382053
TW,EUR_HE061,3427.291381787434
TW,EUR_HE062,169.10817200175583
TW,EUR_HE0630,169.10817200175583
TW,EUR_HE071,1017.6614964280755
TW,EUR_HE0721,342.59270412722054
TW,EUR_HE0722,2007.1777234357323
TW,EUR_HE0723,266.77741983684433
TW,EUR_HE0724,326.3738386942996
TW,EUR_HE0731,326.4226855875429
TW,EUR_HE0732,384.67626505622695
TW,EUR_HE0733,12543.226293825492
TW,EUR_HE0734,8511.393616394902
TW,EUR_HE0735,194.81120899724888
TW,EUR_HE0736,270.8258311758089
TW,EUR_HE08,232.1696772750799
TW,EUR_HE091,388.0338630961916
TW,EUR_HE092,154.62833313369322
TW,EUR_HE093,174.93828548162435
TW,EUR_HE094,83.71233413232511
TW,EUR_HE095,330.6475414724098
TW,EUR_HE0960,1041.9836445308913
TW,EUR_HE10,677.4634338048255
TW,EUR_HE111,417.6080660138494
TW,EUR_HE1120,417.6080660138494
TW,EUR_HE121,231.55104990946577
TW,EUR_HE1231,370.80850849868875
TW,EUR_HE1232,336.98787011391335
TW,EUR_HE1240,28.334412524002204
TW,EUR_HE125,793.4906073362449
TW,EUR_HE1262,410.86739313266423
TW,EUR_HE1270,320.9931509050324
NO,EUR_HE0111,349.9859220079303
NO,EUR_HE0112,96.7147506087351
NO,EUR_HE0113,251.83663825635736
NO,EUR_HE0114,83.04524286062833
NO,EUR_HE0115,61.72752588763963
NO,EUR_HE0116,678.3557828378733
NO,EUR_HE0117,678.3557828378733
NO,EUR_HE0118,101.40176821546866
NO,EUR_HE0119,340.15952242157664
NO,EUR_HE012,251.38410576214562
NO,EUR_HE021,251.38410576214562
NO,EUR_HE0220,146.7103776343139
NO,EUR_HE031,268.0567450234132
NO,EUR_HE032,134.10000598540793
NO,EUR_HE041,268.3661416345584
NO,EUR_HE042,268.3661416345584
NO,EUR_HE043,358.2083375209957
NO,EUR_HE044,373.9152152443656
NO,EUR_HE0451,615.3936331776247
NO,EUR_HE0452,896.9168582009972
NO,EUR_HE0453,85.30986607381203
NO,EUR_HE0454,322.6563352591645
NO,EUR_HE0455,2391.294039960968
NO,EUR_HE0511,562.8568123061632
NO,EUR_HE0512,463.187907586866
NO,EUR_HE0513,537.0764155094467
NO,EUR_HE0520,363.6255915792742
NO,EUR_HE053,353.55848728834064
NO,EUR_HE0540,331.29252038343515
NO,EUR_HE055,470.63700521015227
NO,EUR_HE0561,1539.7155067141996
NO,EUR_HE0562,762.1818217481105
NO,EUR_HE061,2325.8625543699095
NO,EUR_HE062,269.103865028513
NO,EUR_HE0630,269.103865028513
NO,EUR_HE071,331.9236029800377
NO,EUR_HE0721,468.25022783387345
NO,EUR_HE0722,653.3833282297478
NO,EUR_HE0723,739.4603198663555
NO,EUR_HE0724,985.2303478985276
NO,EUR_HE0731,312.84798868926396
NO,EUR_HE0732,1015.0640622480727
NO,EUR_HE0733,2870.490565566534
NO,EUR_HE0734,9271.22405401239
NO,EUR_HE0735,1113.4809935082303
NO,EUR_HE0736,1082.7391379539172
NO,EUR_HE08,284.48467323524
NO,EUR_HE091,407.12062974247004
NO,EUR_HE092,364.78180605431646
NO,EUR_HE093,313.65036036191225
NO,EUR_HE094,82.51100893668175
NO,EUR_HE095,251.78908577556462
NO,EUR_HE0960,651.0447370931952
NO,EUR_HE10,122.33703203863013
NO,EUR_HE111,939.9327194336961
NO,EUR_HE1120,939.9327194336961
NO,EUR_HE121,273.4175915465588
NO,EUR_HE1231,473.53520128007233
NO,EUR_HE1232,272.3764121795004
NO,EUR_HE1240,34.65440461856233
NO,EUR_HE125,65.80128529052863
NO,EUR_HE1262,249.51222090074205
NO,EUR_HE1270,166.01592038232312
ID,EUR_HE0111,1424.867107692825
ID,EUR_HE0112,421.32440973383837
ID,EUR_HE0113,694.0319792371803
ID,EUR_HE0114,262.28144117610367
ID,EUR_HE0115,316.5441656445349
ID,EUR_HE0116,15074.61309755112
ID,EUR_HE0117,15074.61309755112
ID,EUR_HE0118,617.3326668392972
ID,EUR_HE0119,1322.6517245828018
ID,EUR_HE012,958.9035327549059
ID,EUR_HE021,958.9035327549059
ID,EUR_HE0220,1711.5711495650478
ID,EUR_HE031,5192.5293055682105
ID,EUR_HE032,3015.545589319383
ID,EUR_HE041,110.95296303190858
ID,EUR_HE042,110.95296303190858
ID,EUR_HE043,3155.440138510149
ID,EUR_HE044,426.68828815626574
ID,EUR_HE0451,7142.954850220087
ID,EUR_HE0452,10714.018651114653
ID,EUR_HE0453,633.0579687580454
ID,EUR_HE0454,6606.713867617075
ID,EUR_HE0455,2765.878215042231
ID,EUR_HE0511,226.57749401643306
ID,EUR_HE0512,2583.8655934392773
ID,EUR_HE0513,954.059844579818
ID,EUR_HE0520,5913.3692604643265
ID,EUR_HE053,1296.3685039189718
ID,EUR_HE0540,2572.2282483465356
ID,EUR_HE055,1424.4326144366821
ID,EUR_HE0561,10204.139695140595
ID,EUR_HE0562,172.5545930168256
ID,EUR_HE061,13775.86068911318
ID,EUR_HE062,81.42913176293233
ID,EUR_HE0630,81.42913176293233
ID,EUR_HE071,727.1622736015617
ID,EUR_HE0721,217.1535912686263
ID,EUR_HE0722,6967.791961269107
ID,EUR_HE0723,324.10872179519214
ID,EUR_HE0724,369.2948665407848
ID,EUR_HE0731,1165.350236382255
ID,EUR_HE0732,1181.9604189021525
ID,EUR_HE0733,8012.868027778829
ID,EUR_HE0734,10007.772768734489
ID,EUR_HE0735,1080.5352532952666
ID,EUR_HE0736,1062.4985412638205
ID,EUR_HE08,5718.744995705721
ID,EUR_HE091,526.6095170824167
ID,EUR_HE092,123.87356396183435
ID,EUR_HE093,293.9212819382123
ID,EUR_HE094,53.32400534905092
ID,EUR_HE095,189.17560228981134
ID,EUR_HE0960,2190.539341676742
ID,EUR_HE10,2909.3425494696025
ID,EUR_HE111,2837.649454137736
ID,EUR_HE1120,2837.649454137736
ID,EUR_HE121,198.96327232580194
ID,EUR_HE1231,237.47252276945719
ID,EUR_HE1232,1242.90883897564
ID,EUR_HE1240,11.405832209491427
ID,EUR_HE125,765.4434308621502
ID,EUR_HE1262,8741.962459289462
ID,EUR_HE1270,1696.6177917062234
ZA,EUR_HE0111,1129.3366463610814
ZA,EUR_HE0112,292.925196972858
ZA,EUR_HE0113,145.9401817792266
ZA,EUR_HE0114,166.82832157673832
ZA,EUR_HE0115,166.688765750895
ZA,EUR_HE0116,1810.0961532998306
ZA,EUR_HE0117,1810.0961532998306
ZA,EUR_HE0118,350.4868907566004
ZA,EUR_HE0119,1112.274126867445
ZA,EUR_HE012,661.3672843933128
ZA,EUR_HE021,661.3672843933128
ZA,EUR_HE0220,168.49746678322956
ZA,EUR_HE031,1447.9147511390681
ZA,EUR_HE032,637.5385354272726
ZA,EUR_HE041,786.7446365374426
ZA,EUR_HE042,786.7446365374426
ZA,EUR_HE043,1056.1868117910262
ZA,EUR_HE044,110.91136139811793
ZA,EUR_HE0451,10210.729619554228
ZA,EUR_HE0452,601.2679566738458
ZA,EUR_HE0453,123.52873663916365
ZA,EUR_HE0454,241.52801797827624
ZA,EUR_HE0455,1378.110200729669
ZA,EUR_HE0511,219.23314979639468
ZA,EUR_HE0512,982.2961362238533
ZA,EUR_HE0513,245.43706484250788
ZA,EUR_HE0520,1948.474165268116
ZA,EUR_HE053,574.7088155782749
ZA,EUR_HE0540,696.7781142212322
ZA,EUR_HE055,1298.0987572741064
ZA,EUR_HE0561,1472.3416803625034
ZA,EUR_HE0562,246.53686782327972
ZA,EUR_HE061,1690.5770524554137
ZA,EUR_HE062,75.13734967267985
ZA,EUR_HE0630,75.13734967267985
ZA,EUR_HE071,326.588655967848
ZA,EUR_HE0721,211.9636458835575
ZA,EUR_HE0722,1452.6833062516448
ZA,EUR_HE0723,188.55141971412422
ZA,EUR_HE0724,284.11720890212547
ZA,EUR_HE0731,219.19830014786731
ZA,EUR_HE0732,109.86548404376454
ZA,EUR_HE0733,5834.192393197618
ZA,EUR_HE0734,250.42755208652537
ZA,EUR_HE0735,77.3371428461704
ZA,EUR_HE0736,105.09255562199242
ZA,EUR_HE08,206.19604354283314
ZA,EUR_HE091,222.9325332215978
ZA,EUR_HE092,252.95668647829234
ZA,EUR_HE093,239.11435408079493
ZA,EUR_HE094,110.06303346803428
ZA,EUR_HE095,467.335379882193
ZA,EUR_HE0960,382.66740385071023
ZA,EUR_HE10,5110.716623218122
ZA,EUR_HE111,514.6361679544766
ZA,EUR_HE1120,514.6361679544766
ZA,EUR_HE121,120.49204035615088
ZA,EUR_HE1231,300.8025166147153
ZA,EUR_HE1232,739.9895316292801
ZA,EUR_HE1240,125.12349684717704
ZA,EUR_HE125,4034.8168764428924
ZA,EUR_HE1262,169.19179631391773
ZA,EUR_HE1270,1791.6375386156044
WA,EUR_HE0111,18466.925026490884
WA,EUR_HE0112,7196.129310754359
WA,EUR_HE0113,6880.906522261309
WA,EUR_HE0114,4591.423628503865
WA,EUR_HE0115,3322.3114178809374
WA,EUR_HE0116,30781.926956389067
WA,EUR_HE0117,30781.926956389067
WA,EUR_HE0118,5686.589148011355
WA,EUR_HE0119,17504.108470066356
WA,EUR_HE012,11330.852126273385
WA,EUR_HE021,11330.852126273385
WA,EUR_HE0220,13397.26400155073
WA,EUR_HE031,19165.71615103935
WA,EUR_HE032,16984.0729754975
WA,EUR_HE041,12102.925312014975
WA,EUR_HE042,12102.925312014975
WA,EUR_HE043,17910.07428970321
WA,EUR_HE044,6248.37973355331
WA,EUR_HE0451,40832.69832935347
WA,EUR_HE0452,33217.68100724562
WA,EUR_HE0453,2211.757469941717
WA,EUR_HE0454,8895.38265626707
WA,EUR_HE0455,102020.0062594493
WA,EUR_HE0511,18180.880427578362
WA,EUR_HE0512,15348.371083614371
WA,EUR_HE0513,15851.923036153725
WA,EUR_HE0520,12191.874862312603
WA,EUR_HE053,12734.124630543274
WA,EUR_HE0540,9389.951398392963
WA,EUR_HE055,22942.771143369795
WA,EUR_HE0561,49324.706318560384
WA,EUR_HE0562,4912.6564357911275
WA,EUR_HE061,74285.41880878352
WA,EUR_HE062,5831.516510734363
WA,EUR_HE0630,5831.516510734363
WA,EUR_HE071,4608.745956308227
WA,EUR_HE0721,8645.447354400614
WA,EUR_HE0722,22624.638214680403
WA,EUR_HE0723,4073.6867809123178
WA,EUR_HE0724,5893.294396342404
WA,EUR_HE0731,4325.1375550104285
WA,EUR_HE0732,2066.344924014971
WA,EUR_HE0733,18456.19320865763
WA,EUR_HE0734,10069.385153463922
WA,EUR_HE0735,1550.9456940158896
WA,EUR_HE0736,2029.780883640315
WA,EUR_HE08,7034.168390919558
WA,EUR_HE091,9376.553055128008
WA,EUR_HE092,10247.398117545355
WA,EUR_HE093,11526.518236133988
WA,EUR_HE094,7311.906553044571
WA,EUR_HE095,3294.6425841496193
WA,EUR_HE0960,6238.915251695995
WA,EUR_HE10,6344.356999472619
WA,EUR_HE111,8106.360299766613
WA,EUR_HE1120,8106.360299766613
WA,EUR_HE121,6493.419846511661
WA,EUR_HE1231,13648.048047159959
WA,EUR_HE1232,4932.481889712908
WA,EUR_HE1240,646.2785682219732
WA,EUR_HE125,6637.921185685318
WA,EUR_HE1262,2286.5251321083297
WA,EUR_HE1270,4192.448591682095
WL,EUR_HE0111,10568.999582525345
WL,EUR_HE0112,5372.105043174404
WL,EUR_HE0113,5037.839815031426
WL,EUR_HE0114,9279.243242880202
WL,EUR_HE0115,6278.277965091236
WL,EUR_HE0116,6736.319506799444
WL,EUR_HE0117,6736.319506799444
WL,EUR_HE0118,7360.62199148769
WL,EUR_HE0119,10841.183795913665
WL,EUR_HE012,6799.861521612051
WL,EUR_HE021,6799.861521612051
WL,EUR_HE0220,2177.4476286784998
WL,EUR_HE031,6399.359597801324
WL,EUR_HE032,4561.124749205405
WL,EUR_HE041,5758.210513582938
WL,EUR_HE042,5758.210513582938
WL,EUR_HE043,8824.61423997255
WL,EUR_HE044,4209.748649891343
WL,EUR_HE0451,13912.270309178253
WL,EUR_HE0452,13655.080523526105
WL,EUR_HE0453,1960.9990369953944
WL,EUR_HE0454,3124.826617283724
WL,EUR_HE0455,13344.307310046474
WL,EUR_HE0511,7460.971791426116
WL,EUR_HE0512,6986.481466628886
WL,EUR_HE0513,5792.618505917964
WL,EUR_HE0520,6524.099922784394
WL,EUR_HE053,6685.495843162886
WL,EUR_HE0540,4700.617861817431
WL,EUR_HE055,4302.472960977282
WL,EUR_HE0561,28770.26105691508
WL,EUR_HE0562,2236.9717373999097
WL,EUR_HE061,42704.118437071855
WL,EUR_HE062,1326.8685017696996
WL,EUR_HE0630,1326.8685017696996
WL,EUR_HE071,3460.6075147617184
WL,EUR_HE0721,2038.5855244913166
WL,EUR_HE0722,12997.68435961047
WL,EUR_HE0723,2450.3505772087183
WL,EUR_HE0724,2889.7422620696
WL,EUR_HE0731,2601.609018872672
WL,EUR_HE0732,2809.558520353432
WL,EUR_HE0733,13640.192332589255
WL,EUR_HE0734,3709.623910237321
WL,EUR_HE0735,2961.4899957824923
WL,EUR_HE0736,3145.775654982738
WL,EUR_HE08,1391.6771179206053
WL,EUR_HE091,2250.5152782404884
WL,EUR_HE092,4410.67387475339
WL,EUR_HE093,4983.160251955808
WL,EUR_HE094,3003.7081390261583
WL,EUR_HE095,2720.5713562058295
WL,EUR_HE0960,2372.3851491263904
WL,EUR_HE10,1933.6257357494217
WL,EUR_HE111,3004.4828157708675
WL,EUR_HE1120,3004.4828157708675
WL,EUR_HE121,1936.3973519008268
WL,EUR_HE1231,4814.148285280833
WL,EUR_HE1232,3420.740621367624
WL,EUR_HE1240,268.93335605813706
WL,EUR_HE125,731.9869457987606
WL,EUR_HE1262,2162.6986819594813
WL,EUR_HE1270,1242.9885444256236
WE,EUR_HE0111,1553.581368240641
WE,EUR_HE0112,540.1186197333291
WE,EUR_HE0113,377.5189747498912
WE,EUR_HE0114,424.2112991356879
WE,EUR_HE0115,288.43700511970314
WE,EUR_HE0116,4647.4040752286355
WE,EUR_HE0117,4647.4040752286355
WE,EUR_HE0118,430.2736746635604
WE,EUR_HE0119,1489.0460444870628
WE,EUR_HE012,1260.5660710706252
WE,EUR_HE021,1260.5660710706252
WE,EUR_HE0220,268.7850376664721
WE,EUR_HE031,667.3746798490945
WE,EUR_HE032,551.9608540681817
WE,EUR_HE041,4269.412660830709
WE,EUR_HE042,4269.412660830709
WE,EUR_HE043,1482.3467167830402
WE,EUR_HE044,3919.9118331680456
WE,EUR_HE0451,6622.426416835077
WE,EUR_HE0452,61271.8896974274
WE,EUR_HE0453,459.4158815735494
WE,EUR_HE0454,642.5410363815229
WE,EUR_HE0455,41389.90074086082
WE,EUR_HE0511,794.8755414958745
WE,EUR_HE0512,904.7442733450636
WE,EUR_HE0513,967.1252908701802
WE,EUR_HE0520,718.0625834879331
WE,EUR_HE053,910.0876735151824
WE,EUR_HE0540,999.6737879629899
WE,EUR_HE055,1287.877937861502
WE,EUR_HE0561,3617.513296265029
WE,EUR_HE0562,1395.5546643792397
WE,EUR_HE061,5139.578155494603
WE,EUR_HE062,952.0026269643522
WE,EUR_HE0630,952.0026269643522
WE,EUR_HE071,877.7963926993203
WE,EUR_HE0721,778.2851857915541
WE,EUR_HE0722,3093.005360552281
WE,EUR_HE0723,563.2509804119151
WE,EUR_HE0724,1608.4274271120971
WE,EUR_HE0731,1480.0450244890721
WE,EUR_HE0732,850.5140442417803
WE,EUR_HE0733,4129.219867410707
WE,EUR_HE0734,1141.6940714140544
WE,EUR_HE0735,878.988067388031
WE,EUR_HE0736,1329.4696420960913
WE,EUR_HE08,707.0422256914391
WE,EUR_HE091,862.7357359432865
WE,EUR_HE092,1507.8508301463876
WE,EUR_HE093,935.0415682520677
WE,EUR_HE094,987.6888862390273
WE,EUR_HE095,439.4098729970853
WE,EUR_HE0960,899.992702739879
WE,EUR_HE10,1044.8248960749813
WE,EUR_HE111,1214.4688354598384
WE,EUR_HE1120,1214.4688354598384
WE,EUR_HE121,938.620056833639
WE,EUR_HE1231,755.1820365681922
WE,EUR_HE1232,490.70541610252974
WE,EUR_HE1240,370.42988775589464
WE,EUR_HE125,664.8805142217932
WE,EUR_HE1262,699.2821941941122
WE,EUR_HE1270,1082.5484777163122
WF,EUR_HE0111,25862.600750854148
WF,EUR_HE0112,11123.746395033228
WF,EUR_HE0113,7520.281573237045
WF,EUR_HE0114,8019.938034660505
WF,EUR_HE0115,4441.751824609898
WF,EUR_HE0116,24266.05502564038
WF,EUR_HE0117,24266.05502564038
WF,EUR_HE0118,8541.63853049151
WF,EUR_HE0119,26768.70726314893
WF,EUR_HE012,16364.264061440535
WF,EUR_HE021,16364.264061440535
WF,EUR_HE0220,1459.5655785785327
WF,EUR_HE031,5453.990556615104
WF,EUR_HE032,2755.3787463601293
WF,EUR_HE041,17985.56246753813
WF,EUR_HE042,17985.56246753813
WF,EUR_HE043,12022.21518498753
WF,EUR_HE044,12149.772400604612
WF,EUR_HE0451,14003.392675772746
WF,EUR_HE0452,12728.62009548363
WF,EUR_HE0453,1217.2831042522826
WF,EUR_HE0454,3452.274841912166
WF,EUR_HE0455,10195.00856189772
WF,EUR_HE0511,5495.13730641303
WF,EUR_HE0512,5883.802576027183
WF,EUR_HE0513,4817.971469081283
WF,EUR_HE0520,6893.2856299381
WF,EUR_HE053,6998.595869737202
WF,EUR_HE0540,3317.9762903682117
WF,EUR_HE055,4739.205454558318
WF,EUR_HE0561,14531.716514900434
WF,EUR_HE0562,6619.801247087653
WF,EUR_HE061,20820.350546968562
WF,EUR_HE062,4982.6727182640225
WF,EUR_HE0630,4982.6727182640225
WF,EUR_HE071,3426.4458922047634
WF,EUR_HE0721,5312.343901120504
WF,EUR_HE0722,8706.87027912801
WF,EUR_HE0723,3136.0750498716106
WF,EUR_HE0724,7069.437879179972
WF,EUR_HE0731,3316.412213635744
WF,EUR_HE0732,3553.7029104163325
WF,EUR_HE0733,10452.571145559286
WF,EUR_HE0734,3373.1004732643396
WF,EUR_HE0735,3551.431370022071
WF,EUR_HE0736,3603.6684805612463
WF,EUR_HE08,3894.5159195635456
WF,EUR_HE091,5234.5889528894895
WF,EUR_HE092,17844.47600396775
WF,EUR_HE093,8728.86037383271
WF,EUR_HE094,17324.564789247583
WF,EUR_HE095,1707.6200739853357
WF,EUR_HE0960,4600.723887039298
WF,EUR_HE10,3192.309711568251
WF,EUR_HE111,6143.260076465213
WF,EUR_HE1120,6143.260076465213
WF,EUR_HE121,5243.440125065081
WF,EUR_HE1231,3779.009199581091
WF,EUR_HE1232,2662.2188309370595
WF,EUR_HE1240,1353.5225856311195
WF,EUR_HE125,1620.823553283928
WF,EUR_HE1262,1304.1346564069245
WF,EUR_HE1270,2903.1986552577087
WM,EUR_HE0111,3965.001788488834
WM,EUR_HE0112,2154.002775984545
WM,EUR_HE0113,2114.9399600708775
WM,EUR_HE0114,2357.2010778390286
WM,EUR_HE0115,2174.586476701563
WM,EUR_HE0116,9487.764443222328
WM,EUR_HE0117,9487.764443222328
WM,EUR_HE0118,2003.3704792604672
WM,EUR_HE0119,3514.779409372988
WM,EUR_HE012,2942.038595830167
WM,EUR_HE021,2942.038595830167
WM,EUR_HE0220,2265.0943530958325
WM,EUR_HE031,15309.088694077855
WM,EUR_HE032,11606.62562851846
WM,EUR_HE041,17405.168433693863
WM,EUR_HE042,17405.168433693863
WM,EUR_HE043,21898.399578361168
WM,EUR_HE044,6208.092559447474
WM,EUR_HE0451,37035.55013269157
WM,EUR_HE0452,14114.685683905927
WM,EUR_HE0453,1959.996734193541
WM,EUR_HE0454,43117.338900461444
WM,EUR_HE0455,21755.94157610846
WM,EUR_HE0511,65492.92177759632
WM,EUR_HE0512,39738.812678904775
WM,EUR_HE0513,46837.7780714891
WM,EUR_HE0520,12490.86177210077
WM,EUR_HE053,14191.489066543132
WM,EUR_HE0540,15573.265991714487
WM,EUR_HE055,12219.352563820064
WM,EUR_HE0561,22179.51004255203
WM,EUR_HE0562,5191.06805437835
WM,EUR_HE061,26597.244153746782
WM,EUR_HE062,3629.4165206208927
WM,EUR_HE0630,3629.4165206208927
WM,EUR_HE071,4028.3015028257305
WM,EUR_HE0721,1893.6049013189
WM,EUR_HE0722,19026.76493089675
WM,EUR_HE0723,4159.627367103601
WM,EUR_HE0724,6093.941109291998
WM,EUR_HE0731,2351.7914215112332
WM,EUR_HE0732,13512.934505802477
WM,EUR_HE0733,33316.3923049888
WM,EUR_HE0734,7344.9517774355
WM,EUR_HE0735,3437.847359649232
WM,EUR_HE0736,4103.968943140161
WM,EUR_HE08,1878.2956227968866
WM,EUR_HE091,3242.1832930633236
WM,EUR_HE092,11211.113042523157
WM,EUR_HE093,31009.845891790468
WM,EUR_HE094,2829.5142795229
WM,EUR_HE095,1326.0823169937003
WM,EUR_HE0960,44179.14535941463
WM,EUR_HE10,3881.3762173067084
WM,EUR_HE111,4762.2073397334625
WM,EUR_HE1120,4762.2073397334625
WM,EUR_HE121,4843.222819944464
WM,EUR_HE1231,38398.85522361525
WM,EUR_HE1232,3381.341082621358
WM,EUR_HE1240,1074.7004493455704
WM,EUR_HE125,2298.3018527638646
WM,EUR_HE1262,15659.521008917589
WM,EUR_HE1270,7258.846931235237
